facility_id,medicine_id,order_date,expected_date,actual_received_date,quantity,status
FAC-003,MED-007,2026-01-04,2026-01-09,2026-01-09,36,delivered
FAC-005,MED-002,2026-01-04,2026-01-09,2026-01-08,1780,delivered
FAC-006,MED-001,2026-01-04,2026-01-08,2026-01-08,1555,delivered
FAC-007,MED-003,2026-01-04,2026-01-08,2026-01-07,34,delivered
FAC-010,MED-007,2026-01-04,2026-01-08,2026-01-08,51,delivered
FAC-016,MED-002,2026-01-04,2026-01-09,2026-01-09,2135,delivered
FAC-001,MED-007,2026-01-05,2026-01-09,2026-01-09,1130,delivered
FAC-002,MED-001,2026-01-05,2026-01-08,2026-01-08,169,delivered
FAC-004,MED-004,2026-01-05,2026-01-09,2026-01-09,146,delivered
FAC-004,MED-006,2026-01-05,2026-01-08,2026-01-07,65,delivered
FAC-007,MED-001,2026-01-05,2026-01-09,2026-01-09,164,delivered
FAC-011,MED-003,2026-01-05,2026-01-08,2026-01-08,357,delivered
FAC-012,MED-008,2026-01-05,2026-01-10,2026-01-11,175,delivered
FAC-013,MED-003,2026-01-05,2026-01-10,2026-01-09,32,delivered
FAC-015,MED-003,2026-01-05,2026-01-09,2026-01-09,35,delivered
FAC-015,MED-007,2026-01-05,2026-01-10,2026-01-10,65,delivered
FAC-017,MED-004,2026-01-05,2026-01-08,2026-01-09,138,delivered
FAC-020,MED-004,2026-01-05,2026-01-08,2026-01-09,108,delivered
FAC-020,MED-007,2026-01-05,2026-01-08,2026-01-07,69,delivered
FAC-001,MED-008,2026-01-06,2026-01-11,2026-01-11,1591,delivered
FAC-003,MED-003,2026-01-06,2026-01-09,2026-01-09,35,delivered
FAC-007,MED-002,2026-01-06,2026-01-10,2026-01-11,182,delivered
FAC-007,MED-008,2026-01-06,2026-01-11,2026-01-11,138,delivered
FAC-008,MED-004,2026-01-06,2026-01-11,2026-01-11,57,delivered
FAC-008,MED-005,2026-01-06,2026-01-11,2026-01-11,32,delivered
FAC-009,MED-004,2026-01-06,2026-01-10,2026-01-09,95,delivered
FAC-011,MED-002,2026-01-06,2026-01-09,2026-01-09,1901,delivered
FAC-013,MED-006,2026-01-06,2026-01-09,2026-01-10,34,delivered
FAC-013,MED-007,2026-01-06,2026-01-11,2026-01-10,35,delivered
FAC-015,MED-006,2026-01-06,2026-01-11,2026-01-11,36,delivered
FAC-016,MED-006,2026-01-06,2026-01-11,2026-01-12,552,delivered
FAC-018,MED-004,2026-01-06,2026-01-11,2026-01-11,56,delivered
FAC-018,MED-005,2026-01-06,2026-01-10,2026-01-11,33,delivered
FAC-019,MED-008,2026-01-06,2026-01-10,2026-01-09,143,delivered
FAC-020,MED-005,2026-01-06,2026-01-11,2026-01-12,66,delivered
FAC-020,MED-008,2026-01-06,2026-01-11,2026-01-12,114,delivered
FAC-002,MED-004,2026-01-07,2026-01-11,2026-01-11,139,delivered
FAC-003,MED-001,2026-01-07,2026-01-10,2026-01-10,54,delivered
FAC-003,MED-006,2026-01-07,2026-01-10,2026-01-11,38,delivered
FAC-005,MED-003,2026-01-07,2026-01-11,2026-01-10,344,delivered
FAC-008,MED-003,2026-01-07,2026-01-12,2026-01-12,33,delivered
FAC-010,MED-002,2026-01-07,2026-01-11,2026-01-11,109,delivered
FAC-010,MED-003,2026-01-07,2026-01-10,2026-01-10,34,delivered
FAC-012,MED-004,2026-01-07,2026-01-11,2026-01-11,152,delivered
FAC-013,MED-004,2026-01-07,2026-01-10,2026-01-10,40,delivered
FAC-014,MED-002,2026-01-07,2026-01-11,2026-01-12,168,delivered
FAC-016,MED-004,2026-01-07,2026-01-12,2026-01-12,1261,delivered
FAC-017,MED-002,2026-01-07,2026-01-12,2026-01-12,211,delivered
FAC-017,MED-007,2026-01-07,2026-01-11,2026-01-12,93,delivered
FAC-020,MED-001,2026-01-07,2026-01-10,2026-01-11,118,delivered
FAC-002,MED-002,2026-01-08,2026-01-13,2026-01-14,233,delivered
FAC-002,MED-003,2026-01-08,2026-01-11,2026-01-10,43,delivered
FAC-002,MED-006,2026-01-08,2026-01-13,2026-01-14,52,delivered
FAC-005,MED-001,2026-01-08,2026-01-12,2026-01-13,1258,delivered
FAC-005,MED-004,2026-01-08,2026-01-11,2026-01-11,1030,delivered
FAC-007,MED-005,2026-01-08,2026-01-12,2026-01-13,71,delivered
FAC-008,MED-001,2026-01-08,2026-01-13,2026-01-14,68,delivered
FAC-008,MED-006,2026-01-08,2026-01-12,2026-01-12,35,delivered
FAC-011,MED-004,2026-01-08,2026-01-13,2026-01-13,1134,delivered
FAC-011,MED-006,2026-01-08,2026-01-12,2026-01-13,513,delivered
FAC-012,MED-001,2026-01-08,2026-01-12,2026-01-12,196,delivered
FAC-014,MED-007,2026-01-08,2026-01-11,2026-01-12,74,delivered
FAC-016,MED-008,2026-01-08,2026-01-11,2026-01-11,1382,delivered
FAC-002,MED-007,2026-01-09,2026-01-12,2026-01-12,93,delivered
FAC-004,MED-005,2026-01-09,2026-01-12,2026-01-11,94,delivered
FAC-006,MED-006,2026-01-09,2026-01-14,2026-01-14,479,delivered
FAC-006,MED-008,2026-01-09,2026-01-13,2026-01-13,1442,delivered
FAC-010,MED-001,2026-01-09,2026-01-13,2026-01-14,93,delivered
FAC-011,MED-001,2026-01-09,2026-01-14,2026-01-13,1589,delivered
FAC-012,MED-006,2026-01-09,2026-01-14,2026-01-14,59,delivered
FAC-012,MED-007,2026-01-09,2026-01-12,2026-01-12,108,delivered
FAC-014,MED-005,2026-01-09,2026-01-13,2026-01-12,68,delivered
FAC-015,MED-005,2026-01-09,2026-01-14,2026-01-14,53,delivered
FAC-016,MED-003,2026-01-09,2026-01-12,2026-01-12,378,delivered
FAC-019,MED-001,2026-01-09,2026-01-12,2026-01-13,154,delivered
FAC-019,MED-002,2026-01-09,2026-01-12,2026-01-11,191,delivered
FAC-002,MED-008,2026-01-10,2026-01-15,2026-01-15,145,delivered
FAC-005,MED-006,2026-01-10,2026-01-14,2026-01-14,429,delivered
FAC-005,MED-008,2026-01-10,2026-01-14,2026-01-14,1301,delivered
FAC-006,MED-004,2026-01-10,2026-01-13,2026-01-12,1256,delivered
FAC-006,MED-007,2026-01-10,2026-01-13,2026-01-14,932,delivered
FAC-008,MED-007,2026-01-10,2026-01-13,2026-01-13,45,delivered
FAC-010,MED-004,2026-01-10,2026-01-14,2026-01-13,82,delivered
FAC-011,MED-007,2026-01-10,2026-01-14,2026-01-15,871,delivered
FAC-012,MED-005,2026-01-10,2026-01-13,2026-01-13,89,delivered
FAC-013,MED-001,2026-01-10,2026-01-14,2026-01-14,58,delivered
FAC-018,MED-002,2026-01-10,2026-01-14,2026-01-14,78,delivered
FAC-001,MED-005,2026-01-11,2026-01-14,2026-01-14,934,delivered
FAC-003,MED-005,2026-01-11,2026-01-16,2026-01-16,36,delivered
FAC-005,MED-005,2026-01-11,2026-01-14,2026-01-15,726,delivered
FAC-008,MED-002,2026-01-11,2026-01-14,2026-01-14,83,delivered
FAC-013,MED-002,2026-01-11,2026-01-14,2026-01-14,63,delivered
FAC-013,MED-008,2026-01-11,2026-01-16,2026-01-15,50,delivered
FAC-014,MED-006,2026-01-11,2026-01-16,2026-01-17,44,delivered
FAC-015,MED-002,2026-01-11,2026-01-14,2026-01-14,130,delivered
FAC-016,MED-007,2026-01-11,2026-01-15,2026-01-15,957,delivered
FAC-017,MED-003,2026-01-11,2026-01-15,2026-01-14,37,delivered
FAC-018,MED-003,2026-01-11,2026-01-15,2026-01-15,34,delivered
FAC-018,MED-008,2026-01-11,2026-01-15,2026-01-16,62,delivered
FAC-003,MED-002,2026-01-12,2026-01-16,2026-01-16,76,delivered
FAC-004,MED-003,2026-01-12,2026-01-17,2026-01-17,44,delivered
FAC-004,MED-008,2026-01-12,2026-01-16,2026-01-15,165,delivered
FAC-007,MED-003,2026-01-12,2026-01-16,2026-01-16,38,delivered
FAC-007,MED-006,2026-01-12,2026-01-16,2026-01-15,46,delivered
FAC-009,MED-001,2026-01-12,2026-01-16,2026-01-15,112,delivered
FAC-009,MED-006,2026-01-12,2026-01-16,2026-01-17,36,delivered
FAC-010,MED-006,2026-01-12,2026-01-16,2026-01-15,35,delivered
FAC-010,MED-008,2026-01-12,2026-01-16,2026-01-16,92,delivered
FAC-011,MED-008,2026-01-12,2026-01-15,2026-01-15,1315,delivered
FAC-014,MED-004,2026-01-12,2026-01-15,2026-01-16,108,delivered
FAC-015,MED-001,2026-01-12,2026-01-16,2026-01-15,114,delivered
FAC-015,MED-008,2026-01-12,2026-01-16,2026-01-15,97,delivered
FAC-016,MED-001,2026-01-12,2026-01-15,2026-01-15,1636,delivered
FAC-016,MED-005,2026-01-12,2026-01-15,2026-01-14,757,delivered
FAC-017,MED-008,2026-01-12,2026-01-15,2026-01-15,157,delivered
FAC-019,MED-003,2026-01-12,2026-01-17,2026-01-17,38,delivered
FAC-001,MED-002,2026-01-13,2026-01-18,2026-01-18,2155,delivered
FAC-002,MED-005,2026-01-13,2026-01-17,2026-01-16,84,delivered
FAC-003,MED-004,2026-01-13,2026-01-16,2026-01-17,50,delivered
FAC-004,MED-002,2026-01-13,2026-01-17,2026-01-17,219,delivered
FAC-006,MED-002,2026-01-13,2026-01-17,2026-01-18,1764,delivered
FAC-006,MED-005,2026-01-13,2026-01-16,2026-01-17,708,delivered
FAC-007,MED-004,2026-01-13,2026-01-18,2026-01-19,125,delivered
FAC-008,MED-008,2026-01-13,2026-01-16,2026-01-16,67,delivered
FAC-014,MED-008,2026-01-13,2026-01-17,2026-01-18,123,delivered
FAC-017,MED-006,2026-01-13,2026-01-16,2026-01-16,54,delivered
FAC-018,MED-001,2026-01-13,2026-01-18,2026-01-19,57,delivered
FAC-020,MED-003,2026-01-13,2026-01-18,2026-01-18,35,delivered
FAC-020,MED-006,2026-01-13,2026-01-18,2026-01-18,46,delivered
FAC-001,MED-006,2026-01-14,2026-01-18,2026-01-19,617,delivered
FAC-004,MED-001,2026-01-14,2026-01-17,2026-01-17,210,delivered
FAC-006,MED-003,2026-01-14,2026-01-17,2026-01-17,374,delivered
FAC-009,MED-003,2026-01-14,2026-01-17,2026-01-18,33,delivered
FAC-009,MED-005,2026-01-14,2026-01-17,2026-01-16,59,delivered
FAC-013,MED-005,2026-01-14,2026-01-17,2026-01-17,37,delivered
FAC-014,MED-003,2026-01-14,2026-01-18,2026-01-18,32,delivered
FAC-015,MED-004,2026-01-14,2026-01-19,2026-01-19,89,delivered
FAC-018,MED-007,2026-01-14,2026-01-17,2026-01-17,33,delivered
FAC-019,MED-004,2026-01-14,2026-01-18,2026-01-18,131,delivered
FAC-001,MED-003,2026-01-15,2026-01-19,2026-01-20,445,delivered
FAC-001,MED-004,2026-01-15,2026-01-18,2026-01-18,1555,delivered
FAC-003,MED-007,2026-01-15,2026-01-19,2026-01-20,33,delivered
FAC-004,MED-007,2026-01-15,2026-01-18,2026-01-18,108,delivered
FAC-005,MED-007,2026-01-15,2026-01-20,2026-01-20,769,delivered
FAC-006,MED-001,2026-01-15,2026-01-18,2026-01-18,1610,delivered
FAC-009,MED-002,2026-01-15,2026-01-19,2026-01-19,160,delivered
FAC-009,MED-007,2026-01-15,2026-01-19,2026-01-19,71,delivered
FAC-009,MED-008,2026-01-15,2026-01-20,2026-01-20,105,delivered
FAC-010,MED-003,2026-01-15,2026-01-18,2026-01-17,37,delivered
FAC-011,MED-005,2026-01-15,2026-01-18,2026-01-19,678,delivered
FAC-019,MED-005,2026-01-15,2026-01-18,2026-01-18,67,delivered
FAC-019,MED-006,2026-01-15,2026-01-18,2026-01-18,52,delivered
FAC-019,MED-007,2026-01-15,2026-01-19,2026-01-18,82,delivered
FAC-020,MED-002,2026-01-15,2026-01-18,2026-01-17,170,delivered
FAC-001,MED-001,2026-01-16,2026-01-19,2026-01-19,1725,delivered
FAC-003,MED-008,2026-01-16,2026-01-21,2026-01-22,57,delivered
FAC-008,MED-004,2026-01-16,2026-01-20,2026-01-19,60,delivered
FAC-011,MED-003,2026-01-16,2026-01-21,2026-01-22,379,delivered
FAC-012,MED-008,2026-01-16,2026-01-21,2026-01-21,148,delivered
FAC-013,MED-004,2026-01-16,2026-01-20,2026-01-21,44,delivered
FAC-017,MED-001,2026-01-16,2026-01-20,2026-01-21,176,delivered
FAC-017,MED-005,2026-01-16,2026-01-19,2026-01-19,86,delivered
FAC-018,MED-005,2026-01-16,2026-01-19,2026-01-20,38,delivered
FAC-018,MED-006,2026-01-16,2026-01-20,2026-01-19,32,delivered
FAC-004,MED-004,2026-01-17,2026-01-22,2026-01-22,147,delivered
FAC-005,MED-002,2026-01-17,2026-01-21,2026-01-21,1629,delivered
FAC-010,MED-005,2026-01-17,2026-01-20,2026-01-20,45,delivered
FAC-010,MED-007,2026-01-17,2026-01-20,2026-01-19,53,delivered
FAC-012,MED-002,2026-01-17,2026-01-22,2026-01-23,206,delivered
FAC-013,MED-007,2026-01-17,2026-01-22,2026-01-22,32,delivered
FAC-015,MED-003,2026-01-17,2026-01-22,2026-01-22,37,delivered
FAC-016,MED-002,2026-01-17,2026-01-20,2026-01-20,2047,delivered
FAC-019,MED-008,2026-01-17,2026-01-22,2026-01-22,131,delivered
FAC-020,MED-007,2026-01-17,2026-01-20,2026-01-19,78,delivered
FAC-001,MED-007,2026-01-18,2026-01-21,2026-01-21,1006,delivered
FAC-001,MED-008,2026-01-18,2026-01-23,2026-01-23,1606,delivered
FAC-003,MED-001,2026-01-18,2026-01-21,2026-01-20,60,delivered
FAC-003,MED-006,2026-01-18,2026-01-23,2026-01-22,36,delivered
FAC-007,MED-007,2026-01-18,2026-01-23,2026-01-23,88,delivered
FAC-008,MED-005,2026-01-18,2026-01-22,2026-01-21,36,delivered
FAC-009,MED-004,2026-01-18,2026-01-23,2026-01-24,104,delivered
FAC-013,MED-003,2026-01-18,2026-01-22,2026-01-22,38,delivered
FAC-013,MED-006,2026-01-18,2026-01-21,2026-01-21,34,delivered
FAC-015,MED-007,2026-01-18,2026-01-23,2026-01-23,69,delivered
FAC-016,MED-004,2026-01-18,2026-01-23,2026-01-22,1409,delivered
FAC-002,MED-003,2026-01-19,2026-01-23,2026-01-23,44,delivered
FAC-005,MED-001,2026-01-19,2026-01-24,2026-01-23,1216,delivered
FAC-005,MED-004,2026-01-19,2026-01-22,2026-01-23,1193,delivered
FAC-007,MED-008,2026-01-19,2026-01-24,2026-01-24,127,delivered
FAC-008,MED-001,2026-01-19,2026-01-23,2026-01-24,75,delivered
FAC-010,MED-002,2026-01-19,2026-01-23,2026-01-22,113,delivered
FAC-011,MED-002,2026-01-19,2026-01-23,2026-01-23,1855,delivered
FAC-011,MED-004,2026-01-19,2026-01-22,2026-01-23,1322,delivered
FAC-012,MED-003,2026-01-19,2026-01-23,2026-01-24,40,delivered
FAC-012,MED-004,2026-01-19,2026-01-22,2026-01-21,145,delivered
FAC-014,MED-001,2026-01-19,2026-01-23,2026-01-24,138,delivered
FAC-014,MED-002,2026-01-19,2026-01-23,2026-01-24,170,delivered
FAC-015,MED-006,2026-01-19,2026-01-23,2026-01-24,37,delivered
FAC-016,MED-006,2026-01-19,2026-01-22,2026-01-23,566,delivered
FAC-020,MED-001,2026-01-19,2026-01-24,2026-01-24,120,delivered
FAC-020,MED-004,2026-01-19,2026-01-22,2026-01-21,109,delivered
FAC-020,MED-008,2026-01-19,2026-01-23,2026-01-23,123,delivered
FAC-002,MED-001,2026-01-20,2026-01-25,2026-01-25,170,delivered
FAC-002,MED-008,2026-01-20,2026-01-25,2026-01-25,161,delivered
FAC-005,MED-003,2026-01-20,2026-01-25,2026-01-25,363,delivered
FAC-006,MED-008,2026-01-20,2026-01-24,2026-01-24,1284,delivered
FAC-007,MED-001,2026-01-20,2026-01-23,2026-01-23,149,delivered
FAC-007,MED-002,2026-01-20,2026-01-23,2026-01-24,178,delivered
FAC-008,MED-003,2026-01-20,2026-01-23,2026-01-23,37,delivered
FAC-008,MED-006,2026-01-20,2026-01-23,2026-01-23,32,delivered
FAC-012,MED-005,2026-01-20,2026-01-24,2026-01-24,93,delivered
FAC-014,MED-007,2026-01-20,2026-01-24,2026-01-25,74,delivered
FAC-016,MED-003,2026-01-20,2026-01-25,2026-01-24,436,delivered
FAC-016,MED-008,2026-01-20,2026-01-23,2026-01-22,1654,delivered
FAC-017,MED-002,2026-01-20,2026-01-23,2026-01-23,227,delivered
FAC-017,MED-004,2026-01-20,2026-01-24,2026-01-24,138,delivered
FAC-002,MED-004,2026-01-21,2026-01-24,2026-01-23,129,delivered
FAC-002,MED-006,2026-01-21,2026-01-24,2026-01-23,56,delivered
FAC-002,MED-007,2026-01-21,2026-01-26,2026-01-26,108,delivered
FAC-003,MED-003,2026-01-21,2026-01-25,2026-01-25,32,delivered
FAC-006,MED-006,2026-01-21,2026-01-25,2026-01-26,533,delivered
FAC-007,MED-005,2026-01-21,2026-01-24,2026-01-25,73,delivered
FAC-010,MED-006,2026-01-21,2026-01-24,2026-01-24,38,delivered
FAC-011,MED-006,2026-01-21,2026-01-24,2026-01-24,439,delivered
FAC-012,MED-006,2026-01-21,2026-01-25,2026-01-26,58,delivered
FAC-012,MED-007,2026-01-21,2026-01-24,2026-01-24,100,delivered
FAC-017,MED-007,2026-01-21,2026-01-26,2026-01-25,91,delivered
FAC-018,MED-003,2026-01-21,2026-01-26,2026-01-26,33,delivered
FAC-020,MED-005,2026-01-21,2026-01-25,2026-01-24,69,delivered
FAC-004,MED-003,2026-01-22,2026-01-25,2026-01-26,49,delivered
FAC-005,MED-006,2026-01-22,2026-01-26,2026-01-25,457,delivered
FAC-006,MED-004,2026-01-22,2026-01-27,2026-01-27,1382,delivered
FAC-008,MED-002,2026-01-22,2026-01-26,2026-01-25,82,delivered
FAC-009,MED-006,2026-01-22,2026-01-25,2026-01-26,38,delivered
FAC-010,MED-001,2026-01-22,2026-01-26,2026-01-27,93,delivered
FAC-011,MED-007,2026-01-22,2026-01-26,2026-01-27,776,delivered
FAC-013,MED-001,2026-01-22,2026-01-26,2026-01-27,55,delivered
FAC-014,MED-006,2026-01-22,2026-01-25,2026-01-24,45,delivered
FAC-015,MED-002,2026-01-22,2026-01-27,2026-01-28,142,delivered
FAC-015,MED-005,2026-01-22,2026-01-26,2026-01-26,50,delivered
FAC-017,MED-003,2026-01-22,2026-01-26,2026-01-25,39,delivered
FAC-020,MED-003,2026-01-22,2026-01-25,2026-01-24,37,delivered
FAC-002,MED-002,2026-01-23,2026-01-27,2026-01-28,234,delivered
FAC-003,MED-002,2026-01-23,2026-01-27,2026-01-27,69,delivered
FAC-004,MED-005,2026-01-23,2026-01-26,2026-01-26,95,delivered
FAC-004,MED-006,2026-01-23,2026-01-26,2026-01-27,69,delivered
FAC-004,MED-008,2026-01-23,2026-01-27,2026-01-26,160,delivered
FAC-005,MED-008,2026-01-23,2026-01-27,2026-01-27,1258,delivered
FAC-006,MED-007,2026-01-23,2026-01-26,2026-01-26,889,delivered
FAC-008,MED-007,2026-01-23,2026-01-26,2026-01-27,40,delivered
FAC-010,MED-004,2026-01-23,2026-01-26,2026-01-27,77,delivered
FAC-011,MED-001,2026-01-23,2026-01-27,2026-01-28,1387,delivered
FAC-012,MED-001,2026-01-23,2026-01-27,2026-01-28,177,delivered
FAC-014,MED-005,2026-01-23,2026-01-28,2026-01-28,73,delivered
FAC-016,MED-007,2026-01-23,2026-01-28,2026-01-28,962,delivered
FAC-018,MED-004,2026-01-23,2026-01-27,2026-01-28,54,delivered
FAC-019,MED-001,2026-01-23,2026-01-26,2026-01-26,146,delivered
FAC-001,MED-005,2026-01-24,2026-01-27,2026-01-28,869,delivered
FAC-002,MED-005,2026-01-24,2026-01-29,2026-01-30,91,delivered
FAC-003,MED-005,2026-01-24,2026-01-29,2026-01-29,39,delivered
FAC-006,MED-002,2026-01-24,2026-01-29,2026-01-30,2000,delivered
FAC-006,MED-005,2026-01-24,2026-01-28,2026-01-27,842,delivered
FAC-009,MED-005,2026-01-24,2026-01-27,2026-01-27,65,delivered
FAC-011,MED-008,2026-01-24,2026-01-27,2026-01-26,1336,delivered
FAC-013,MED-002,2026-01-24,2026-01-28,2026-01-27,59,delivered
FAC-013,MED-005,2026-01-24,2026-01-29,2026-01-29,37,delivered
FAC-016,MED-001,2026-01-24,2026-01-27,2026-01-27,1662,delivered
FAC-016,MED-005,2026-01-24,2026-01-27,2026-01-28,823,delivered
FAC-018,MED-001,2026-01-24,2026-01-29,2026-01-29,56,delivered
FAC-018,MED-008,2026-01-24,2026-01-28,2026-01-27,56,delivered
FAC-019,MED-003,2026-01-24,2026-01-28,2026-01-29,37,delivered
FAC-001,MED-002,2026-01-25,2026-01-28,2026-01-28,2055,delivered
FAC-005,MED-005,2026-01-25,2026-01-30,2026-01-31,620,delivered
FAC-007,MED-004,2026-01-25,2026-01-30,2026-01-31,130,delivered
FAC-013,MED-008,2026-01-25,2026-01-28,2026-01-28,49,delivered
FAC-014,MED-004,2026-01-25,2026-01-29,2026-01-30,111,delivered
FAC-018,MED-002,2026-01-25,2026-01-29,2026-01-28,82,delivered
FAC-020,MED-006,2026-01-25,2026-01-28,2026-01-29,41,delivered
FAC-003,MED-006,2026-01-26,2026-01-30,2026-01-30,36,delivered
FAC-006,MED-003,2026-01-26,2026-01-29,2026-01-29,379,delivered
FAC-007,MED-006,2026-01-26,2026-01-30,2026-01-30,53,delivered
FAC-008,MED-008,2026-01-26,2026-01-29,2026-01-29,66,delivered
FAC-009,MED-001,2026-01-26,2026-01-29,2026-01-29,130,delivered
FAC-009,MED-008,2026-01-26,2026-01-31,2026-01-31,121,delivered
FAC-010,MED-008,2026-01-26,2026-01-31,2026-01-31,94,delivered
FAC-013,MED-004,2026-01-26,2026-01-29,2026-01-29,39,delivered
FAC-014,MED-003,2026-01-26,2026-01-29,2026-01-29,37,delivered
FAC-014,MED-008,2026-01-26,2026-01-30,2026-01-31,128,delivered
FAC-015,MED-008,2026-01-26,2026-01-31,2026-01-30,99,delivered
FAC-019,MED-002,2026-01-26,2026-01-30,2026-01-31,187,delivered
FAC-001,MED-003,2026-01-27,2026-01-31,2026-01-30,413,delivered
FAC-001,MED-004,2026-01-27,2026-02-01,2026-02-01,1544,delivered
FAC-001,MED-006,2026-01-27,2026-02-01,2026-02-02,599,delivered
FAC-003,MED-004,2026-01-27,2026-02-01,2026-02-01,52,delivered
FAC-004,MED-002,2026-01-27,2026-01-30,2026-01-30,244,delivered
FAC-005,MED-007,2026-01-27,2026-01-30,2026-01-30,759,delivered
FAC-007,MED-003,2026-01-27,2026-01-31,2026-01-31,36,delivered
FAC-009,MED-007,2026-01-27,2026-01-30,2026-01-30,73,delivered
FAC-011,MED-005,2026-01-27,2026-01-30,2026-01-31,773,delivered
FAC-015,MED-001,2026-01-27,2026-01-31,2026-01-30,120,delivered
FAC-015,MED-004,2026-01-27,2026-02-01,2026-02-01,98,delivered
FAC-017,MED-006,2026-01-27,2026-01-30,2026-01-29,49,delivered
FAC-017,MED-008,2026-01-27,2026-01-30,2026-01-30,139,delivered
FAC-018,MED-006,2026-01-27,2026-02-01,2026-02-01,34,delivered
FAC-019,MED-006,2026-01-27,2026-01-30,2026-01-31,44,delivered
FAC-019,MED-007,2026-01-27,2026-01-31,2026-01-30,86,delivered
FAC-001,MED-001,2026-01-28,2026-02-02,2026-02-03,1841,delivered
FAC-003,MED-003,2026-01-28,2026-02-01,2026-01-31,33,delivered
FAC-004,MED-004,2026-01-28,2026-02-02,2026-02-03,149,delivered
FAC-004,MED-007,2026-01-28,2026-01-31,2026-01-31,108,delivered
FAC-005,MED-002,2026-01-28,2026-02-01,2026-02-01,1672,delivered
FAC-006,MED-001,2026-01-28,2026-02-01,2026-02-01,1415,delivered
FAC-008,MED-006,2026-01-28,2026-01-31,2026-01-31,38,delivered
FAC-009,MED-003,2026-01-28,2026-01-31,2026-01-31,36,delivered
FAC-012,MED-008,2026-01-28,2026-02-02,2026-02-03,177,delivered
FAC-013,MED-007,2026-01-28,2026-01-31,2026-01-31,34,delivered
FAC-016,MED-002,2026-01-28,2026-01-31,2026-01-30,2059,delivered
FAC-017,MED-005,2026-01-28,2026-02-02,2026-02-01,79,delivered
FAC-019,MED-005,2026-01-28,2026-01-31,2026-01-30,75,delivered
FAC-001,MED-007,2026-01-29,2026-02-03,2026-02-02,1094,delivered
FAC-003,MED-007,2026-01-29,2026-02-02,2026-02-02,35,delivered
FAC-004,MED-001,2026-01-29,2026-02-03,2026-02-03,196,delivered
FAC-008,MED-005,2026-01-29,2026-02-02,2026-02-01,36,delivered
FAC-009,MED-002,2026-01-29,2026-02-03,2026-02-03,160,delivered
FAC-010,MED-005,2026-01-29,2026-02-03,2026-02-04,47,delivered
FAC-011,MED-003,2026-01-29,2026-02-03,2026-02-03,342,delivered
FAC-012,MED-002,2026-01-29,2026-02-03,2026-02-04,219,delivered
FAC-013,MED-006,2026-01-29,2026-02-01,2026-02-01,33,delivered
FAC-018,MED-005,2026-01-29,2026-02-02,2026-02-02,33,delivered
FAC-018,MED-007,2026-01-29,2026-02-02,2026-02-01,33,delivered
FAC-020,MED-001,2026-01-29,2026-02-03,2026-02-02,137,delivered
FAC-020,MED-007,2026-01-29,2026-02-03,2026-02-03,76,delivered
FAC-003,MED-001,2026-01-30,2026-02-02,2026-02-02,60,delivered
FAC-003,MED-008,2026-01-30,2026-02-03,2026-02-04,54,delivered
FAC-005,MED-001,2026-01-30,2026-02-04,2026-02-03,1257,delivered
FAC-007,MED-005,2026-01-30,2026-02-04,2026-02-04,74,delivered
FAC-007,MED-007,2026-01-30,2026-02-03,2026-02-03,80,delivered
FAC-008,MED-001,2026-01-30,2026-02-04,2026-02-05,70,delivered
FAC-009,MED-004,2026-01-30,2026-02-02,2026-02-01,104,delivered
FAC-010,MED-002,2026-01-30,2026-02-02,2026-02-03,129,delivered
FAC-010,MED-003,2026-01-30,2026-02-04,2026-02-04,36,delivered
FAC-015,MED-006,2026-01-30,2026-02-04,2026-02-03,36,delivered
FAC-016,MED-004,2026-01-30,2026-02-03,2026-02-02,1385,delivered
FAC-018,MED-003,2026-01-30,2026-02-03,2026-02-02,36,delivered
FAC-019,MED-004,2026-01-30,2026-02-02,2026-02-02,112,delivered
FAC-001,MED-008,2026-01-31,2026-02-04,2026-02-03,1580,delivered
FAC-002,MED-003,2026-01-31,2026-02-03,2026-02-04,40,delivered
FAC-006,MED-008,2026-01-31,2026-02-04,2026-02-05,1385,delivered
FAC-008,MED-003,2026-01-31,2026-02-03,2026-02-03,36,delivered
FAC-008,MED-004,2026-01-31,2026-02-04,2026-02-05,58,delivered
FAC-010,MED-006,2026-01-31,2026-02-04,2026-02-04,32,delivered
FAC-011,MED-002,2026-01-31,2026-02-04,2026-02-05,1951,delivered
FAC-012,MED-003,2026-01-31,2026-02-03,2026-02-04,40,delivered
FAC-012,MED-007,2026-01-31,2026-02-04,2026-02-03,104,delivered
FAC-015,MED-007,2026-01-31,2026-02-05,2026-02-04,69,delivered
FAC-017,MED-001,2026-01-31,2026-02-04,2026-02-04,164,delivered
FAC-019,MED-008,2026-01-31,2026-02-05,2026-02-05,124,delivered
FAC-020,MED-002,2026-01-31,2026-02-04,2026-02-04,150,delivered
FAC-002,MED-004,2026-02-01,2026-02-05,2026-02-06,157,delivered
FAC-005,MED-004,2026-02-01,2026-02-06,2026-02-06,1135,delivered
FAC-007,MED-002,2026-02-01,2026-02-06,2026-02-07,177,delivered
FAC-007,MED-008,2026-02-01,2026-02-05,2026-02-04,136,delivered
FAC-010,MED-007,2026-02-01,2026-02-06,2026-02-06,51,delivered
FAC-011,MED-004,2026-02-01,2026-02-05,2026-02-05,1218,delivered
FAC-011,MED-006,2026-02-01,2026-02-05,2026-02-05,475,delivered
FAC-014,MED-001,2026-02-01,2026-02-05,2026-02-05,145,delivered
FAC-015,MED-003,2026-02-01,2026-02-04,2026-02-04,38,delivered
FAC-016,MED-006,2026-02-01,2026-02-04,2026-02-04,568,delivered
FAC-002,MED-001,2026-02-02,2026-02-06,2026-02-06,174,delivered
FAC-005,MED-003,2026-02-02,2026-02-07,2026-02-07,340,delivered
FAC-007,MED-001,2026-02-02,2026-02-06,2026-02-06,142,delivered
FAC-011,MED-007,2026-02-02,2026-02-05,2026-02-04,847,delivered
FAC-012,MED-004,2026-02-02,2026-02-07,2026-02-08,159,delivered
FAC-014,MED-002,2026-02-02,2026-02-07,2026-02-07,174,delivered
FAC-014,MED-007,2026-02-02,2026-02-05,2026-02-04,82,delivered
FAC-016,MED-003,2026-02-02,2026-02-05,2026-02-05,445,delivered
FAC-016,MED-008,2026-02-02,2026-02-06,2026-02-06,1493,delivered
FAC-017,MED-004,2026-02-02,2026-02-05,2026-02-04,130,delivered
FAC-020,MED-008,2026-02-02,2026-02-05,2026-02-04,126,delivered
FAC-002,MED-006,2026-02-03,2026-02-07,2026-02-06,54,delivered
FAC-004,MED-003,2026-02-03,2026-02-08,2026-02-07,48,delivered
FAC-005,MED-006,2026-02-03,2026-02-07,2026-02-08,484,delivered
FAC-005,MED-008,2026-02-03,2026-02-06,2026-02-06,1260,delivered
FAC-006,MED-006,2026-02-03,2026-02-06,2026-02-07,551,delivered
FAC-010,MED-001,2026-02-03,2026-02-07,2026-02-07,92,delivered
FAC-011,MED-001,2026-02-03,2026-02-06,2026-02-05,1368,delivered
FAC-012,MED-006,2026-02-03,2026-02-06,2026-02-06,61,delivered
FAC-014,MED-006,2026-02-03,2026-02-07,2026-02-06,42,delivered
FAC-015,MED-005,2026-02-03,2026-02-08,2026-02-08,50,delivered
FAC-020,MED-004,2026-02-03,2026-02-07,2026-02-07,114,delivered
FAC-001,MED-005,2026-02-04,2026-02-07,2026-02-08,924,delivered
FAC-003,MED-002,2026-02-04,2026-02-08,2026-02-07,67,delivered
FAC-006,MED-004,2026-02-04,2026-02-09,2026-02-09,1252,delivered
FAC-006,MED-007,2026-02-04,2026-02-07,2026-02-06,957,delivered
FAC-013,MED-001,2026-02-04,2026-02-09,2026-02-09,48,delivered
FAC-013,MED-002,2026-02-04,2026-02-07,2026-02-07,63,delivered
FAC-013,MED-005,2026-02-04,2026-02-07,2026-02-07,33,delivered
FAC-016,MED-005,2026-02-04,2026-02-08,2026-02-07,831,delivered
FAC-016,MED-007,2026-02-04,2026-02-09,2026-02-09,1057,delivered
FAC-017,MED-002,2026-02-04,2026-02-08,2026-02-09,225,delivered
FAC-017,MED-003,2026-02-04,2026-02-09,2026-02-08,37,delivered
FAC-017,MED-007,2026-02-04,2026-02-09,2026-02-09,99,delivered
FAC-001,MED-002,2026-02-05,2026-02-08,2026-02-07,2393,delivered
FAC-002,MED-002,2026-02-05,2026-02-08,2026-02-09,212,delivered
FAC-002,MED-008,2026-02-05,2026-02-08,2026-02-08,143,delivered
FAC-004,MED-008,2026-02-05,2026-02-10,2026-02-10,176,delivered
FAC-005,MED-005,2026-02-05,2026-02-10,2026-02-09,616,delivered
FAC-006,MED-002,2026-02-05,2026-02-10,2026-02-09,2095,delivered
FAC-010,MED-004,2026-02-05,2026-02-09,2026-02-10,76,delivered
FAC-011,MED-008,2026-02-05,2026-02-08,2026-02-09,1446,delivered
FAC-012,MED-001,2026-02-05,2026-02-09,2026-02-08,163,delivered
FAC-012,MED-005,2026-02-05,2026-02-10,2026-02-09,90,delivered
FAC-013,MED-003,2026-02-05,2026-02-09,2026-02-08,38,delivered
FAC-018,MED-001,2026-02-05,2026-02-09,2026-02-09,60,delivered
FAC-018,MED-004,2026-02-05,2026-02-09,2026-02-09,55,delivered
FAC-018,MED-008,2026-02-05,2026-02-10,2026-02-11,60,delivered
FAC-019,MED-001,2026-02-05,2026-02-09,2026-02-08,138,delivered
FAC-002,MED-005,2026-02-06,2026-02-10,2026-02-09,79,delivered
FAC-002,MED-007,2026-02-06,2026-02-10,2026-02-10,98,delivered
FAC-003,MED-004,2026-02-06,2026-02-09,2026-02-09,50,delivered
FAC-004,MED-006,2026-02-06,2026-02-10,2026-02-11,66,delivered
FAC-008,MED-002,2026-02-06,2026-02-10,2026-02-09,95,delivered
FAC-008,MED-007,2026-02-06,2026-02-09,2026-02-08,44,delivered
FAC-013,MED-004,2026-02-06,2026-02-11,2026-02-11,46,delivered
FAC-016,MED-001,2026-02-06,2026-02-09,2026-02-09,1570,delivered
FAC-017,MED-008,2026-02-06,2026-02-10,2026-02-11,145,delivered
FAC-020,MED-003,2026-02-06,2026-02-11,2026-02-11,37,delivered
FAC-001,MED-003,2026-02-07,2026-02-12,2026-02-11,441,delivered
FAC-004,MED-005,2026-02-07,2026-02-12,2026-02-12,88,delivered
FAC-006,MED-003,2026-02-07,2026-02-12,2026-02-12,360,delivered
FAC-006,MED-005,2026-02-07,2026-02-11,2026-02-11,729,delivered
FAC-008,MED-008,2026-02-07,2026-02-11,2026-02-10,62,delivered
FAC-009,MED-003,2026-02-07,2026-02-12,2026-02-12,35,delivered
FAC-009,MED-006,2026-02-07,2026-02-10,2026-02-10,40,delivered
FAC-013,MED-008,2026-02-07,2026-02-11,2026-02-11,47,delivered
FAC-015,MED-002,2026-02-07,2026-02-11,2026-02-12,149,delivered
FAC-015,MED-008,2026-02-07,2026-02-11,2026-02-12,108,delivered
FAC-018,MED-002,2026-02-07,2026-02-11,2026-02-11,83,delivered
FAC-018,MED-007,2026-02-07,2026-02-10,2026-02-09,36,delivered
FAC-019,MED-002,2026-02-07,2026-02-11,2026-02-11,170,delivered
FAC-020,MED-006,2026-02-07,2026-02-11,2026-02-10,40,delivered
FAC-001,MED-006,2026-02-08,2026-02-13,2026-02-13,602,delivered
FAC-003,MED-001,2026-02-08,2026-02-11,2026-02-12,52,delivered
FAC-003,MED-003,2026-02-08,2026-02-12,2026-02-12,34,delivered
FAC-005,MED-007,2026-02-08,2026-02-11,2026-02-11,750,delivered
FAC-006,MED-001,2026-02-08,2026-02-12,2026-02-12,1441,delivered
FAC-010,MED-008,2026-02-08,2026-02-11,2026-02-12,91,delivered
FAC-014,MED-004,2026-02-08,2026-02-12,2026-02-11,121,delivered
FAC-014,MED-008,2026-02-08,2026-02-13,2026-02-12,123,delivered
FAC-017,MED-006,2026-02-08,2026-02-13,2026-02-13,51,delivered
FAC-019,MED-003,2026-02-08,2026-02-11,2026-02-11,36,delivered
FAC-020,MED-005,2026-02-08,2026-02-12,2026-02-11,66,delivered
FAC-003,MED-005,2026-02-09,2026-02-12,2026-02-12,38,delivered
FAC-004,MED-002,2026-02-09,2026-02-14,2026-02-14,230,delivered
FAC-004,MED-004,2026-02-09,2026-02-13,2026-02-13,161,delivered
FAC-007,MED-003,2026-02-09,2026-02-14,2026-02-13,37,delivered
FAC-007,MED-004,2026-02-09,2026-02-13,2026-02-13,138,delivered
FAC-008,MED-004,2026-02-09,2026-02-13,2026-02-13,60,delivered
FAC-009,MED-001,2026-02-09,2026-02-13,2026-02-13,112,delivered
FAC-009,MED-008,2026-02-09,2026-02-12,2026-02-12,123,delivered
FAC-011,MED-003,2026-02-09,2026-02-12,2026-02-12,385,delivered
FAC-011,MED-005,2026-02-09,2026-02-12,2026-02-11,733,delivered
FAC-014,MED-005,2026-02-09,2026-02-12,2026-02-12,68,delivered
FAC-016,MED-002,2026-02-09,2026-02-13,2026-02-13,2109,delivered
FAC-018,MED-005,2026-02-09,2026-02-12,2026-02-13,34,delivered
FAC-018,MED-006,2026-02-09,2026-02-14,2026-02-14,35,delivered
FAC-019,MED-007,2026-02-09,2026-02-14,2026-02-13,88,delivered
FAC-001,MED-001,2026-02-10,2026-02-15,2026-02-15,1864,delivered
FAC-001,MED-004,2026-02-10,2026-02-13,2026-02-14,1356,delivered
FAC-003,MED-006,2026-02-10,2026-02-14,2026-02-14,34,delivered
FAC-003,MED-007,2026-02-10,2026-02-14,2026-02-15,34,delivered
FAC-004,MED-007,2026-02-10,2026-02-14,2026-02-15,117,delivered
FAC-005,MED-001,2026-02-10,2026-02-14,2026-02-14,1363,delivered
FAC-005,MED-002,2026-02-10,2026-02-13,2026-02-13,1665,delivered
FAC-007,MED-006,2026-02-10,2026-02-15,2026-02-14,53,delivered
FAC-008,MED-006,2026-02-10,2026-02-13,2026-02-14,32,delivered
FAC-009,MED-005,2026-02-10,2026-02-15,2026-02-16,60,delivered
FAC-010,MED-006,2026-02-10,2026-02-14,2026-02-15,34,delivered
FAC-012,MED-008,2026-02-10,2026-02-13,2026-02-12,162,delivered
FAC-013,MED-006,2026-02-10,2026-02-14,2026-02-14,33,delivered
FAC-015,MED-001,2026-02-10,2026-02-15,2026-02-14,117,delivered
FAC-015,MED-004,2026-02-10,2026-02-15,2026-02-16,86,delivered
FAC-017,MED-005,2026-02-10,2026-02-14,2026-02-15,77,delivered
FAC-018,MED-003,2026-02-10,2026-02-13,2026-02-13,32,delivered
FAC-019,MED-004,2026-02-10,2026-02-15,2026-02-15,128,delivered
FAC-001,MED-007,2026-02-11,2026-02-16,2026-02-17,1003,delivered
FAC-001,MED-008,2026-02-11,2026-02-15,2026-02-15,1519,delivered
FAC-002,MED-003,2026-02-11,2026-02-15,2026-02-15,43,delivered
FAC-007,MED-002,2026-02-11,2026-02-16,2026-02-16,185,delivered
FAC-009,MED-002,2026-02-11,2026-02-14,2026-02-15,139,delivered
FAC-010,MED-005,2026-02-11,2026-02-16,2026-02-16,49,delivered
FAC-012,MED-002,2026-02-11,2026-02-15,2026-02-15,214,delivered
FAC-012,MED-003,2026-02-11,2026-02-14,2026-02-15,41,delivered
FAC-013,MED-007,2026-02-11,2026-02-16,2026-02-16,36,delivered
FAC-014,MED-003,2026-02-11,2026-02-14,2026-02-13,37,delivered
FAC-006,MED-008,2026-02-12,2026-02-15,2026-02-15,1342,delivered
FAC-007,MED-005,2026-02-12,2026-02-16,2026-02-17,75,delivered
FAC-008,MED-001,2026-02-12,2026-02-15,2026-02-14,70,delivered
FAC-008,MED-003,2026-02-12,2026-02-17,2026-02-17,35,delivered
FAC-008,MED-005,2026-02-12,2026-02-16,2026-02-17,32,delivered
FAC-009,MED-007,2026-02-12,2026-02-17,2026-02-17,74,delivered
FAC-011,MED-002,2026-02-12,2026-02-16,2026-02-16,1653,delivered
FAC-016,MED-004,2026-02-12,2026-02-17,2026-02-18,1288,delivered
FAC-019,MED-005,2026-02-12,2026-02-16,2026-02-16,74,delivered
FAC-019,MED-006,2026-02-12,2026-02-16,2026-02-15,43,delivered
FAC-020,MED-001,2026-02-12,2026-02-17,2026-02-18,120,delivered
FAC-020,MED-002,2026-02-12,2026-02-16,2026-02-16,171,delivered
FAC-004,MED-001,2026-02-13,2026-02-16,2026-02-16,205,delivered
FAC-005,MED-004,2026-02-13,2026-02-16,2026-02-17,1033,delivered
FAC-007,MED-007,2026-02-13,2026-02-16,2026-02-17,84,delivered
FAC-007,MED-008,2026-02-13,2026-02-17,2026-02-17,149,delivered
FAC-009,MED-004,2026-02-13,2026-02-17,2026-02-17,111,delivered
FAC-010,MED-001,2026-02-13,2026-02-17,2026-02-17,99,delivered
FAC-011,MED-004,2026-02-13,2026-02-18,2026-02-18,1168,delivered
FAC-011,MED-006,2026-02-13,2026-02-16,2026-02-17,526,delivered
FAC-012,MED-007,2026-02-13,2026-02-18,2026-02-17,95,delivered
FAC-013,MED-002,2026-02-13,2026-02-16,2026-02-16,62,delivered
FAC-014,MED-001,2026-02-13,2026-02-16,2026-02-16,142,delivered
FAC-015,MED-006,2026-02-13,2026-02-17,2026-02-17,38,delivered
FAC-016,MED-006,2026-02-13,2026-02-17,2026-02-17,546,delivered
FAC-017,MED-001,2026-02-13,2026-02-18,2026-02-17,158,delivered
FAC-005,MED-003,2026-02-14,2026-02-17,2026-02-17,323,delivered
FAC-010,MED-002,2026-02-14,2026-02-18,2026-02-17,111,delivered
FAC-011,MED-007,2026-02-14,2026-02-17,2026-02-18,812,delivered
FAC-013,MED-001,2026-02-14,2026-02-18,2026-02-18,55,delivered
FAC-013,MED-005,2026-02-14,2026-02-18,2026-02-17,32,delivered
FAC-015,MED-005,2026-02-14,2026-02-17,2026-02-16,57,delivered
FAC-016,MED-008,2026-02-14,2026-02-17,2026-02-16,1656,delivered
FAC-019,MED-008,2026-02-14,2026-02-18,2026-02-18,125,delivered
FAC-003,MED-002,2026-02-15,2026-02-20,2026-02-19,65,delivered
FAC-005,MED-008,2026-02-15,2026-02-20,2026-02-21,1169,delivered
FAC-006,MED-004,2026-02-15,2026-02-20,2026-02-21,1197,delivered
FAC-007,MED-001,2026-02-15,2026-02-19,2026-02-19,147,delivered
FAC-010,MED-007,2026-02-15,2026-02-19,2026-02-19,56,delivered
FAC-011,MED-001,2026-02-15,2026-02-20,2026-02-20,1584,delivered
FAC-016,MED-003,2026-02-15,2026-02-18,2026-02-18,424,delivered
FAC-017,MED-003,2026-02-15,2026-02-19,2026-02-18,39,delivered
FAC-017,MED-004,2026-02-15,2026-02-20,2026-02-21,134,delivered
FAC-020,MED-007,2026-02-15,2026-02-20,2026-02-20,82,delivered
FAC-020,MED-008,2026-02-15,2026-02-18,2026-02-18,122,delivered
FAC-001,MED-005,2026-02-16,2026-02-19,2026-02-18,856,delivered
FAC-002,MED-001,2026-02-16,2026-02-21,2026-02-21,160,delivered
FAC-002,MED-004,2026-02-16,2026-02-19,2026-02-18,134,delivered
FAC-002,MED-006,2026-02-16,2026-02-21,2026-02-22,53,delivered
FAC-002,MED-008,2026-02-16,2026-02-20,2026-02-21,162,delivered
FAC-003,MED-004,2026-02-16,2026-02-21,2026-02-22,52,delivered
FAC-003,MED-008,2026-02-16,2026-02-19,2026-02-20,49,delivered
FAC-005,MED-005,2026-02-16,2026-02-19,2026-02-19,669,delivered
FAC-005,MED-006,2026-02-16,2026-02-21,2026-02-20,461,delivered
FAC-006,MED-006,2026-02-16,2026-02-20,2026-02-19,541,delivered
FAC-010,MED-003,2026-02-16,2026-02-20,2026-02-19,33,delivered
FAC-012,MED-001,2026-02-16,2026-02-21,2026-02-22,196,delivered
FAC-012,MED-004,2026-02-16,2026-02-20,2026-02-21,137,delivered
FAC-012,MED-006,2026-02-16,2026-02-19,2026-02-19,58,delivered
FAC-014,MED-006,2026-02-16,2026-02-19,2026-02-19,43,delivered
FAC-015,MED-003,2026-02-16,2026-02-21,2026-02-22,36,delivered
FAC-015,MED-007,2026-02-16,2026-02-21,2026-02-22,61,delivered
FAC-020,MED-004,2026-02-16,2026-02-19,2026-02-19,118,delivered
FAC-004,MED-003,2026-02-17,2026-02-21,2026-02-21,45,delivered
FAC-004,MED-005,2026-02-17,2026-02-21,2026-02-20,91,delivered
FAC-004,MED-006,2026-02-17,2026-02-20,2026-02-19,64,delivered
FAC-006,MED-007,2026-02-17,2026-02-20,2026-02-19,962,delivered
FAC-012,MED-005,2026-02-17,2026-02-21,2026-02-20,94,delivered
FAC-014,MED-002,2026-02-17,2026-02-20,2026-02-20,157,delivered
FAC-016,MED-001,2026-02-17,2026-02-20,2026-02-21,1676,delivered
FAC-016,MED-005,2026-02-17,2026-02-20,2026-02-19,804,delivered
FAC-016,MED-007,2026-02-17,2026-02-22,2026-02-21,894,delivered
FAC-018,MED-008,2026-02-17,2026-02-21,2026-02-20,53,delivered
FAC-006,MED-002,2026-02-18,2026-02-22,2026-02-22,1990,delivered
FAC-006,MED-003,2026-02-18,2026-02-21,2026-02-20,360,delivered
FAC-010,MED-004,2026-02-18,2026-02-21,2026-02-21,74,delivered
FAC-011,MED-008,2026-02-18,2026-02-23,2026-02-22,1429,delivered
FAC-013,MED-008,2026-02-18,2026-02-22,2026-02-22,47,delivered
FAC-018,MED-001,2026-02-18,2026-02-22,2026-02-22,65,delivered
FAC-019,MED-001,2026-02-18,2026-02-21,2026-02-22,140,delivered
FAC-001,MED-002,2026-02-19,2026-02-24,2026-02-23,2201,delivered
FAC-002,MED-005,2026-02-19,2026-02-24,2026-02-25,87,delivered
FAC-002,MED-007,2026-02-19,2026-02-22,2026-02-21,109,delivered
FAC-004,MED-008,2026-02-19,2026-02-24,2026-02-24,192,delivered
FAC-005,MED-007,2026-02-19,2026-02-22,2026-02-21,762,delivered
FAC-006,MED-001,2026-02-19,2026-02-22,2026-02-21,1655,delivered
FAC-006,MED-005,2026-02-19,2026-02-24,2026-02-24,709,delivered
FAC-008,MED-004,2026-02-19,2026-02-22,2026-02-22,61,delivered
FAC-008,MED-008,2026-02-19,2026-02-23,2026-02-24,72,delivered
FAC-009,MED-003,2026-02-19,2026-02-24,2026-02-25,34,delivered
FAC-013,MED-004,2026-02-19,2026-02-22,2026-02-21,44,delivered
FAC-014,MED-007,2026-02-19,2026-02-24,2026-02-24,79,delivered
FAC-014,MED-008,2026-02-19,2026-02-22,2026-02-23,114,delivered
FAC-017,MED-002,2026-02-19,2026-02-24,2026-02-23,207,delivered
FAC-017,MED-006,2026-02-19,2026-02-24,2026-02-23,55,delivered
FAC-017,MED-007,2026-02-19,2026-02-22,2026-02-23,96,delivered
FAC-018,MED-004,2026-02-19,2026-02-22,2026-02-21,52,delivered
FAC-018,MED-007,2026-02-19,2026-02-22,2026-02-23,36,delivered
FAC-019,MED-003,2026-02-19,2026-02-24,2026-02-24,37,delivered
FAC-020,MED-005,2026-02-19,2026-02-22,2026-02-22,67,delivered
FAC-001,MED-003,2026-02-20,2026-02-23,2026-02-23,480,delivered
FAC-001,MED-006,2026-02-20,2026-02-24,2026-02-24,626,delivered
FAC-002,MED-002,2026-02-20,2026-02-23,2026-02-22,224,delivered
FAC-008,MED-002,2026-02-20,2026-02-24,2026-02-24,83,delivered
FAC-008,MED-006,2026-02-20,2026-02-24,2026-02-23,34,delivered
FAC-008,MED-007,2026-02-20,2026-02-25,2026-02-25,43,delivered
FAC-010,MED-008,2026-02-20,2026-02-23,2026-02-23,85,delivered
FAC-013,MED-003,2026-02-20,2026-02-25,2026-02-25,38,delivered
FAC-015,MED-008,2026-02-20,2026-02-23,2026-02-23,102,delivered
FAC-018,MED-002,2026-02-20,2026-02-24,2026-02-24,83,delivered
FAC-019,MED-002,2026-02-20,2026-02-25,2026-02-25,181,delivered
FAC-020,MED-003,2026-02-20,2026-02-23,2026-02-23,36,delivered
FAC-001,MED-004,2026-02-21,2026-02-24,2026-02-24,1326,delivered
FAC-003,MED-003,2026-02-21,2026-02-25,2026-02-24,39,delivered
FAC-003,MED-007,2026-02-21,2026-02-26,2026-02-26,38,delivered
FAC-005,MED-002,2026-02-21,2026-02-24,2026-02-24,1626,delivered
FAC-009,MED-001,2026-02-21,2026-02-25,2026-02-26,113,delivered
FAC-009,MED-008,2026-02-21,2026-02-25,2026-02-26,103,delivered
FAC-011,MED-005,2026-02-21,2026-02-25,2026-02-24,675,delivered
FAC-020,MED-006,2026-02-21,2026-02-25,2026-02-25,41,delivered
FAC-001,MED-007,2026-02-22,2026-02-27,2026-02-26,1093,delivered
FAC-003,MED-001,2026-02-22,2026-02-25,2026-02-25,61,delivered
FAC-003,MED-005,2026-02-22,2026-02-27,2026-02-27,35,delivered
FAC-003,MED-006,2026-02-22,2026-02-27,2026-02-28,39,delivered
FAC-004,MED-002,2026-02-22,2026-02-26,2026-02-26,240,delivered
FAC-005,MED-001,2026-02-22,2026-02-27,2026-02-26,1427,delivered
FAC-007,MED-004,2026-02-22,2026-02-27,2026-02-26,117,delivered
FAC-012,MED-003,2026-02-22,2026-02-27,2026-02-27,44,delivered
FAC-013,MED-007,2026-02-22,2026-02-27,2026-02-27,38,delivered
FAC-014,MED-005,2026-02-22,2026-02-26,2026-02-26,66,delivered
FAC-015,MED-002,2026-02-22,2026-02-25,2026-02-26,146,delivered
FAC-016,MED-002,2026-02-22,2026-02-26,2026-02-26,1977,delivered
FAC-016,MED-004,2026-02-22,2026-02-27,2026-02-27,1486,delivered
FAC-017,MED-005,2026-02-22,2026-02-26,2026-02-26,87,delivered
FAC-017,MED-008,2026-02-22,2026-02-26,2026-02-27,166,delivered
FAC-018,MED-005,2026-02-22,2026-02-25,2026-02-26,32,delivered
FAC-001,MED-001,2026-02-23,2026-02-27,2026-02-27,1881,delivered
FAC-001,MED-008,2026-02-23,2026-02-28,2026-02-27,1504,delivered
FAC-004,MED-004,2026-02-23,2026-02-26,2026-02-25,148,delivered
FAC-007,MED-002,2026-02-23,2026-02-26,2026-02-26,172,delivered
FAC-009,MED-005,2026-02-23,2026-02-28,2026-03-01,57,delivered
FAC-009,MED-006,2026-02-23,2026-02-27,2026-02-27,39,delivered
FAC-010,MED-005,2026-02-23,2026-02-28,2026-02-28,49,delivered
FAC-010,MED-006,2026-02-23,2026-02-26,2026-02-25,39,delivered
FAC-011,MED-002,2026-02-23,2026-02-28,2026-02-27,1785,delivered
FAC-011,MED-003,2026-02-23,2026-02-26,2026-02-26,346,delivered
FAC-014,MED-004,2026-02-23,2026-02-28,2026-02-28,106,delivered
FAC-018,MED-003,2026-02-23,2026-02-27,2026-02-27,36,delivered
FAC-018,MED-006,2026-02-23,2026-02-27,2026-02-27,33,delivered
FAC-019,MED-007,2026-02-23,2026-02-28,2026-02-27,84,delivered
FAC-002,MED-003,2026-02-24,2026-02-28,2026-02-28,44,delivered
FAC-003,MED-008,2026-02-24,2026-02-28,2026-02-28,51,delivered
FAC-004,MED-007,2026-02-24,2026-03-01,2026-03-01,121,delivered
FAC-006,MED-008,2026-02-24,2026-02-28,2026-03-01,1346,delivered
FAC-007,MED-005,2026-02-24,2026-02-28,2026-02-28,68,delivered
FAC-008,MED-005,2026-02-24,2026-02-27,2026-02-27,37,delivered
FAC-011,MED-004,2026-02-24,2026-03-01,2026-03-01,1216,delivered
FAC-012,MED-002,2026-02-24,2026-02-27,2026-02-27,221,delivered
FAC-012,MED-008,2026-02-24,2026-03-01,2026-03-01,169,delivered
FAC-014,MED-003,2026-02-24,2026-02-27,2026-02-26,38,delivered
FAC-019,MED-005,2026-02-24,2026-02-27,2026-02-27,72,delivered
FAC-019,MED-006,2026-02-24,2026-02-28,2026-02-28,47,delivered
FAC-020,MED-001,2026-02-24,2026-02-28,2026-03-01,122,delivered
FAC-003,MED-002,2026-02-25,2026-03-01,2026-03-01,66,delivered
FAC-004,MED-003,2026-02-25,2026-03-02,2026-03-02,50,delivered
FAC-005,MED-003,2026-02-25,2026-03-01,2026-03-01,368,delivered
FAC-005,MED-004,2026-02-25,2026-03-02,2026-03-03,1022,delivered
FAC-007,MED-003,2026-02-25,2026-03-02,2026-03-02,39,delivered
FAC-007,MED-007,2026-02-25,2026-03-02,2026-03-03,91,delivered
FAC-008,MED-001,2026-02-25,2026-03-02,2026-03-01,74,delivered
FAC-009,MED-002,2026-02-25,2026-03-02,2026-03-01,166,delivered
FAC-013,MED-005,2026-02-25,2026-02-28,2026-02-28,38,delivered
FAC-015,MED-001,2026-02-25,2026-03-02,2026-03-03,113,delivered
FAC-015,MED-004,2026-02-25,2026-03-01,2026-03-01,83,delivered
FAC-015,MED-006,2026-02-25,2026-03-02,2026-03-01,35,delivered
FAC-016,MED-006,2026-02-25,2026-02-28,2026-02-28,545,delivered
FAC-019,MED-004,2026-02-25,2026-03-02,2026-03-02,125,delivered
FAC-020,MED-002,2026-02-25,2026-02-28,2026-02-28,175,delivered
FAC-002,MED-006,2026-02-26,2026-03-03,2026-03-03,59,delivered
FAC-004,MED-001,2026-02-26,2026-03-01,2026-02-28,197,delivered
FAC-008,MED-003,2026-02-26,2026-03-02,2026-03-03,34,delivered
FAC-009,MED-003,2026-02-26,2026-03-03,2026-03-03,38,delivered
FAC-009,MED-004,2026-02-26,2026-03-02,2026-03-02,109,delivered
FAC-010,MED-002,2026-02-26,2026-03-03,2026-03-02,116,delivered
FAC-011,MED-007,2026-02-26,2026-03-03,2026-03-03,903,delivered
FAC-012,MED-007,2026-02-26,2026-03-02,2026-03-01,98,delivered
FAC-013,MED-006,2026-02-26,2026-03-01,2026-03-01,33,delivered
FAC-017,MED-001,2026-02-26,2026-03-02,2026-03-02,174,delivered
FAC-019,MED-008,2026-02-26,2026-03-01,2026-03-01,129,delivered
FAC-002,MED-001,2026-02-27,2026-03-02,2026-03-02,170,delivered
FAC-005,MED-008,2026-02-27,2026-03-03,2026-03-03,1188,delivered
FAC-006,MED-004,2026-02-27,2026-03-04,2026-03-05,1219,delivered
FAC-007,MED-006,2026-02-27,2026-03-02,2026-03-02,54,delivered
FAC-007,MED-008,2026-02-27,2026-03-04,2026-03-03,139,delivered
FAC-009,MED-007,2026-02-27,2026-03-03,2026-03-03,76,delivered
FAC-010,MED-001,2026-02-27,2026-03-03,2026-03-02,99,delivered
FAC-011,MED-006,2026-02-27,2026-03-02,2026-03-01,440,delivered
FAC-013,MED-001,2026-02-27,2026-03-03,2026-03-03,52,delivered
FAC-013,MED-002,2026-02-27,2026-03-03,2026-03-02,61,delivered
FAC-014,MED-001,2026-02-27,2026-03-03,2026-03-03,132,delivered
FAC-015,MED-007,2026-02-27,2026-03-03,2026-03-04,66,delivered
FAC-016,MED-008,2026-02-27,2026-03-02,2026-03-02,1552,delivered
FAC-020,MED-007,2026-02-27,2026-03-02,2026-03-01,70,delivered
FAC-001,MED-005,2026-02-28,2026-03-04,2026-03-03,862,delivered
FAC-002,MED-004,2026-02-28,2026-03-03,2026-03-02,139,delivered
FAC-005,MED-005,2026-02-28,2026-03-03,2026-03-03,735,delivered
FAC-005,MED-006,2026-02-28,2026-03-05,2026-03-05,419,delivered
FAC-007,MED-001,2026-02-28,2026-03-04,2026-03-03,149,delivered
FAC-011,MED-001,2026-02-28,2026-03-05,2026-03-04,1422,delivered
FAC-013,MED-004,2026-02-28,2026-03-05,2026-03-04,47,delivered
FAC-013,MED-008,2026-02-28,2026-03-05,2026-03-04,52,delivered
FAC-016,MED-003,2026-02-28,2026-03-03,2026-03-04,421,delivered
FAC-016,MED-005,2026-02-28,2026-03-03,2026-03-03,752,delivered
FAC-016,MED-007,2026-02-28,2026-03-03,2026-03-03,947,delivered
FAC-004,MED-005,2026-03-01,2026-03-06,2026-03-15,101,delivered
FAC-006,MED-003,2026-03-01,2026-03-04,2026-03-14,350,delivered
FAC-006,MED-005,2026-03-01,2026-03-05,2026-03-10,808,delivered
FAC-006,MED-006,2026-03-01,2026-03-05,2026-03-15,486,delivered
FAC-008,MED-006,2026-03-01,2026-03-06,2026-03-05,33,delivered
FAC-010,MED-003,2026-03-01,2026-03-06,2026-03-07,34,delivered
FAC-012,MED-004,2026-03-01,2026-03-04,2026-03-04,134,delivered
FAC-014,MED-002,2026-03-01,2026-03-06,2026-03-07,163,delivered
FAC-015,MED-003,2026-03-01,2026-03-04,2026-03-04,33,delivered
FAC-015,MED-005,2026-03-01,2026-03-05,2026-03-06,60,delivered
FAC-017,MED-004,2026-03-01,2026-03-05,2026-03-05,139,delivered
FAC-001,MED-002,2026-03-02,2026-03-07,2026-03-16,2364,delivered
FAC-006,MED-002,2026-03-02,2026-03-07,2026-03-13,2001,delivered
FAC-006,MED-007,2026-03-02,2026-03-06,2026-03-14,859,delivered
FAC-008,MED-007,2026-03-02,2026-03-07,2026-03-06,40,delivered
FAC-012,MED-006,2026-03-02,2026-03-05,2026-03-06,64,delivered
FAC-014,MED-006,2026-03-02,2026-03-05,2026-03-05,42,delivered
FAC-016,MED-001,2026-03-02,2026-03-06,2026-03-05,1543,delivered
FAC-018,MED-007,2026-03-02,2026-03-07,2026-03-06,39,delivered
FAC-018,MED-008,2026-03-02,2026-03-07,2026-03-08,56,delivered
FAC-001,MED-004,2026-03-03,2026-03-07,2026-03-12,1424,delivered
FAC-002,MED-005,2026-03-03,2026-03-07,2026-03-17,91,delivered
FAC-002,MED-008,2026-03-03,2026-03-06,2026-03-14,164,delivered
FAC-003,MED-004,2026-03-03,2026-03-06,2026-03-06,49,delivered
FAC-003,MED-007,2026-03-03,2026-03-06,2026-03-07,33,delivered
FAC-005,MED-007,2026-03-03,2026-03-06,2026-03-06,805,delivered
FAC-006,MED-001,2026-03-03,2026-03-06,2026-03-13,1583,delivered
FAC-008,MED-002,2026-03-03,2026-03-07,2026-03-07,96,delivered
FAC-010,MED-004,2026-03-03,2026-03-07,2026-03-07,85,delivered
FAC-010,MED-007,2026-03-03,2026-03-07,2026-03-06,60,delivered
FAC-011,MED-008,2026-03-03,2026-03-07,2026-03-07,1443,delivered
FAC-012,MED-001,2026-03-03,2026-03-07,2026-03-06,162,delivered
FAC-012,MED-005,2026-03-03,2026-03-08,2026-03-08,90,delivered
FAC-017,MED-002,2026-03-03,2026-03-06,2026-03-07,203,delivered
FAC-017,MED-006,2026-03-03,2026-03-06,2026-03-06,49,delivered
FAC-017,MED-007,2026-03-03,2026-03-08,2026-03-08,92,delivered
FAC-018,MED-001,2026-03-03,2026-03-08,2026-03-08,67,delivered
FAC-018,MED-002,2026-03-03,2026-03-08,2026-03-07,84,delivered
FAC-018,MED-004,2026-03-03,2026-03-07,2026-03-06,52,delivered
FAC-018,MED-005,2026-03-03,2026-03-06,2026-03-06,37,delivered
FAC-020,MED-004,2026-03-03,2026-03-08,2026-03-09,114,delivered
FAC-020,MED-008,2026-03-03,2026-03-06,2026-03-06,130,delivered
FAC-003,MED-006,2026-03-04,2026-03-09,2026-03-09,39,delivered
FAC-004,MED-006,2026-03-04,2026-03-08,2026-03-18,57,delivered
FAC-004,MED-008,2026-03-04,2026-03-08,2026-03-17,190,delivered
FAC-008,MED-004,2026-03-04,2026-03-09,2026-03-09,57,delivered
FAC-012,MED-003,2026-03-04,2026-03-08,2026-03-08,46,delivered
FAC-014,MED-007,2026-03-04,2026-03-09,2026-03-08,80,delivered
FAC-014,MED-008,2026-03-04,2026-03-09,2026-03-09,114,delivered
FAC-015,MED-008,2026-03-04,2026-03-07,2026-03-07,94,delivered
FAC-016,MED-002,2026-03-04,2026-03-07,2026-03-07,2151,delivered
FAC-017,MED-003,2026-03-04,2026-03-09,2026-03-09,39,delivered
FAC-019,MED-003,2026-03-04,2026-03-09,2026-03-10,36,delivered
FAC-001,MED-003,2026-03-05,2026-03-09,2026-03-19,457,delivered
FAC-001,MED-006,2026-03-05,2026-03-10,2026-03-16,570,delivered
FAC-002,MED-002,2026-03-05,2026-03-09,2026-03-19,200,delivered
FAC-002,MED-007,2026-03-05,2026-03-08,2026-03-18,102,delivered
FAC-003,MED-001,2026-03-05,2026-03-09,2026-03-08,52,delivered
FAC-005,MED-002,2026-03-05,2026-03-09,2026-03-09,1729,delivered
FAC-007,MED-002,2026-03-05,2026-03-10,2026-03-16,183,delivered
FAC-007,MED-004,2026-03-05,2026-03-10,2026-03-17,123,delivered
FAC-009,MED-001,2026-03-05,2026-03-09,2026-03-14,120,delivered
FAC-009,MED-005,2026-03-05,2026-03-09,2026-03-17,56,delivered
FAC-011,MED-005,2026-03-05,2026-03-09,2026-03-09,748,delivered
FAC-013,MED-003,2026-03-05,2026-03-09,2026-03-08,36,delivered
FAC-019,MED-001,2026-03-05,2026-03-10,2026-03-10,158,delivered
FAC-019,MED-007,2026-03-05,2026-03-08,2026-03-08,87,delivered
FAC-020,MED-005,2026-03-05,2026-03-09,2026-03-09,58,delivered
FAC-001,MED-007,2026-03-06,2026-03-10,2026-03-15,1047,delivered
FAC-002,MED-003,2026-03-06,2026-03-11,2026-03-21,45,delivered
FAC-003,MED-005,2026-03-06,2026-03-10,2026-03-10,35,delivered
FAC-007,MED-005,2026-03-06,2026-03-09,2026-03-19,75,delivered
FAC-008,MED-008,2026-03-06,2026-03-10,2026-03-10,69,delivered
FAC-009,MED-006,2026-03-06,2026-03-10,2026-03-17,43,delivered
FAC-013,MED-007,2026-03-06,2026-03-10,2026-03-09,32,delivered
FAC-014,MED-005,2026-03-06,2026-03-10,2026-03-11,72,delivered
FAC-019,MED-005,2026-03-06,2026-03-09,2026-03-08,77,delivered
FAC-001,MED-008,2026-03-07,2026-03-10,2026-03-18,1707,delivered
FAC-004,MED-002,2026-03-07,2026-03-12,2026-03-17,217,delivered
FAC-004,MED-004,2026-03-07,2026-03-12,2026-03-18,172,delivered
FAC-006,MED-008,2026-03-07,2026-03-12,2026-03-20,1297,delivered
FAC-010,MED-008,2026-03-07,2026-03-11,2026-03-12,80,delivered
FAC-011,MED-002,2026-03-07,2026-03-12,2026-03-12,1718,delivered
FAC-011,MED-003,2026-03-07,2026-03-12,2026-03-13,377,delivered
FAC-019,MED-002,2026-03-07,2026-03-10,2026-03-10,190,delivered
FAC-020,MED-003,2026-03-07,2026-03-12,2026-03-12,38,delivered
FAC-001,MED-001,2026-03-08,2026-03-11,2026-03-19,1860,delivered
FAC-005,MED-001,2026-03-08,2026-03-13,2026-03-13,1299,delivered
FAC-005,MED-004,2026-03-08,2026-03-12,2026-03-13,1187,delivered
FAC-008,MED-005,2026-03-08,2026-03-11,2026-03-11,36,delivered
FAC-009,MED-008,2026-03-08,2026-03-13,2026-03-18,113,delivered
FAC-010,MED-005,2026-03-08,2026-03-12,2026-03-11,52,delivered
FAC-013,MED-002,2026-03-08,2026-03-13,2026-03-13,66,delivered
FAC-016,MED-004,2026-03-08,2026-03-13,2026-03-13,1476,delivered
FAC-018,MED-003,2026-03-08,2026-03-12,2026-03-13,37,delivered
FAC-020,MED-001,2026-03-08,2026-03-12,2026-03-13,134,delivered
FAC-020,MED-006,2026-03-08,2026-03-12,2026-03-12,42,delivered
FAC-006,MED-004,2026-03-09,2026-03-12,2026-03-20,1380,delivered
FAC-010,MED-006,2026-03-09,2026-03-12,2026-03-12,39,delivered
FAC-011,MED-004,2026-03-09,2026-03-14,2026-03-14,1100,delivered
FAC-012,MED-008,2026-03-09,2026-03-12,2026-03-12,174,delivered
FAC-013,MED-001,2026-03-09,2026-03-14,2026-03-14,52,delivered
FAC-013,MED-005,2026-03-09,2026-03-14,2026-03-14,33,delivered
FAC-013,MED-006,2026-03-09,2026-03-12,2026-03-12,39,delivered
FAC-014,MED-003,2026-03-09,2026-03-14,2026-03-15,34,delivered
FAC-014,MED-004,2026-03-09,2026-03-13,2026-03-14,116,delivered
FAC-015,MED-002,2026-03-09,2026-03-12,2026-03-13,151,delivered
FAC-015,MED-004,2026-03-09,2026-03-14,2026-03-14,86,delivered
FAC-017,MED-008,2026-03-09,2026-03-12,2026-03-12,145,delivered
FAC-018,MED-006,2026-03-09,2026-03-14,2026-03-13,33,delivered
FAC-020,MED-002,2026-03-09,2026-03-13,2026-03-14,160,delivered
FAC-002,MED-006,2026-03-10,2026-03-15,2026-03-21,60,delivered
FAC-003,MED-002,2026-03-10,2026-03-15,2026-03-15,75,delivered
FAC-003,MED-003,2026-03-10,2026-03-13,2026-03-13,38,delivered
FAC-003,MED-008,2026-03-10,2026-03-14,2026-03-14,57,delivered
FAC-005,MED-003,2026-03-10,2026-03-15,2026-03-14,320,delivered
FAC-005,MED-008,2026-03-10,2026-03-13,2026-03-13,1262,delivered
FAC-010,MED-001,2026-03-10,2026-03-15,2026-03-14,99,delivered
FAC-011,MED-006,2026-03-10,2026-03-15,2026-03-14,462,delivered
FAC-012,MED-002,2026-03-10,2026-03-13,2026-03-12,215,delivered
FAC-016,MED-006,2026-03-10,2026-03-14,2026-03-15,509,delivered
FAC-017,MED-005,2026-03-10,2026-03-14,2026-03-14,77,delivered
FAC-001,MED-005,2026-03-11,2026-03-15,2026-03-20,855,delivered
FAC-002,MED-004,2026-03-11,2026-03-14,2026-03-20,150,delivered
FAC-004,MED-001,2026-03-11,2026-03-14,2026-03-23,195,delivered
FAC-007,MED-008,2026-03-11,2026-03-16,2026-03-23,126,delivered
FAC-008,MED-001,2026-03-11,2026-03-15,2026-03-15,66,delivered
FAC-008,MED-003,2026-03-11,2026-03-14,2026-03-13,39,delivered
FAC-009,MED-007,2026-03-11,2026-03-14,2026-03-19,74,delivered
FAC-010,MED-003,2026-03-11,2026-03-16,2026-03-17,34,delivered
FAC-011,MED-001,2026-03-11,2026-03-16,2026-03-17,1502,delivered
FAC-011,MED-007,2026-03-11,2026-03-16,2026-03-16,922,delivered
FAC-015,MED-001,2026-03-11,2026-03-15,2026-03-15,104,delivered
FAC-016,MED-005,2026-03-11,2026-03-14,2026-03-15,816,delivered
FAC-016,MED-007,2026-03-11,2026-03-14,2026-03-13,883,delivered
FAC-016,MED-008,2026-03-11,2026-03-16,2026-03-15,1588,delivered
FAC-018,MED-007,2026-03-11,2026-03-16,2026-03-16,38,delivered
FAC-019,MED-006,2026-03-11,2026-03-16,2026-03-15,45,delivered
FAC-004,MED-003,2026-03-12,2026-03-17,2026-03-26,48,delivered
FAC-004,MED-007,2026-03-12,2026-03-17,2026-03-26,121,delivered
FAC-007,MED-001,2026-03-12,2026-03-17,2026-03-26,154,delivered
FAC-007,MED-003,2026-03-12,2026-03-15,2026-03-21,40,delivered
FAC-007,MED-007,2026-03-12,2026-03-17,2026-03-25,84,delivered
FAC-009,MED-002,2026-03-12,2026-03-15,2026-03-24,144,delivered
FAC-009,MED-004,2026-03-12,2026-03-17,2026-03-24,111,delivered
FAC-010,MED-002,2026-03-12,2026-03-16,2026-03-16,110,delivered
FAC-012,MED-001,2026-03-12,2026-03-17,2026-03-16,189,delivered
FAC-012,MED-007,2026-03-12,2026-03-16,2026-03-16,103,delivered
FAC-013,MED-004,2026-03-12,2026-03-17,2026-03-16,43,delivered
FAC-013,MED-008,2026-03-12,2026-03-15,2026-03-15,46,delivered
FAC-014,MED-001,2026-03-12,2026-03-16,2026-03-15,131,delivered
FAC-014,MED-002,2026-03-12,2026-03-17,2026-03-17,176,delivered
FAC-014,MED-006,2026-03-12,2026-03-15,2026-03-16,44,delivered
FAC-015,MED-003,2026-03-12,2026-03-16,2026-03-15,38,delivered
FAC-016,MED-003,2026-03-12,2026-03-16,2026-03-15,424,delivered
FAC-017,MED-001,2026-03-12,2026-03-15,2026-03-15,153,delivered
FAC-019,MED-004,2026-03-12,2026-03-15,2026-03-15,115,delivered
FAC-019,MED-008,2026-03-12,2026-03-16,2026-03-16,138,delivered
FAC-020,MED-007,2026-03-12,2026-03-17,2026-03-18,77,delivered
FAC-002,MED-001,2026-03-13,2026-03-18,2026-03-24,161,delivered
FAC-005,MED-006,2026-03-13,2026-03-16,2026-03-16,490,delivered
FAC-006,MED-005,2026-03-13,2026-03-16,2026-03-26,749,delivered
FAC-007,MED-006,2026-03-13,2026-03-18,2026-03-23,48,delivered
FAC-008,MED-007,2026-03-13,2026-03-18,2026-03-18,41,delivered
FAC-009,MED-003,2026-03-13,2026-03-18,2026-03-26,39,delivered
FAC-012,MED-004,2026-03-13,2026-03-18,2026-03-18,160,delivered
FAC-015,MED-006,2026-03-13,2026-03-18,2026-03-17,37,delivered
FAC-015,MED-007,2026-03-13,2026-03-18,2026-03-18,61,delivered
FAC-005,MED-005,2026-03-14,2026-03-18,2026-03-18,666,delivered
FAC-008,MED-006,2026-03-14,2026-03-19,2026-03-20,32,delivered
FAC-010,MED-007,2026-03-14,2026-03-18,2026-03-18,57,delivered
FAC-012,MED-006,2026-03-14,2026-03-18,2026-03-18,56,delivered
FAC-015,MED-008,2026-03-14,2026-03-18,2026-03-19,92,delivered
FAC-016,MED-001,2026-03-14,2026-03-18,2026-03-18,1696,delivered
FAC-017,MED-004,2026-03-14,2026-03-19,2026-03-18,138,delivered
FAC-017,MED-006,2026-03-14,2026-03-19,2026-03-20,53,delivered
FAC-018,MED-004,2026-03-14,2026-03-19,2026-03-19,49,delivered
FAC-003,MED-006,2026-03-15,2026-03-18,2026-03-19,36,delivered
FAC-003,MED-007,2026-03-15,2026-03-18,2026-03-18,37,delivered
FAC-005,MED-007,2026-03-15,2026-03-20,2026-03-19,775,delivered
FAC-006,MED-003,2026-03-15,2026-03-19,2026-03-26,349,delivered
FAC-008,MED-004,2026-03-15,2026-03-19,2026-03-20,61,delivered
FAC-015,MED-005,2026-03-15,2026-03-19,2026-03-19,58,delivered
FAC-018,MED-002,2026-03-15,2026-03-19,2026-03-19,85,delivered
FAC-001,MED-004,2026-03-16,2026-03-19,2026-03-29,1331,delivered
FAC-003,MED-001,2026-03-16,2026-03-21,2026-03-20,54,delivered
FAC-006,MED-001,2026-03-16,2026-03-19,2026-03-28,1473,delivered
FAC-006,MED-002,2026-03-16,2026-03-21,2026-03-26,1836,delivered
FAC-006,MED-007,2026-03-16,2026-03-20,2026-03-26,933,delivered
FAC-009,MED-001,2026-03-16,2026-03-20,2026-03-28,114,delivered
FAC-012,MED-005,2026-03-16,2026-03-19,2026-03-18,86,delivered
FAC-013,MED-003,2026-03-16,2026-03-21,2026-03-20,34,delivered
FAC-013,MED-007,2026-03-16,2026-03-20,2026-03-19,39,delivered
FAC-017,MED-007,2026-03-16,2026-03-20,2026-03-19,95,delivered
FAC-018,MED-008,2026-03-16,2026-03-19,2026-03-18,61,delivered
FAC-020,MED-006,2026-03-16,2026-03-20,2026-03-19,46,delivered
FAC-003,MED-004,2026-03-17,2026-03-22,2026-03-21,51,delivered
FAC-006,MED-006,2026-03-17,2026-03-21,2026-03-27,565,delivered
FAC-011,MED-005,2026-03-17,2026-03-22,2026-03-23,745,delivered
FAC-011,MED-008,2026-03-17,2026-03-22,2026-03-23,1441,delivered
FAC-013,MED-002,2026-03-17,2026-03-21,2026-03-21,69,delivered
FAC-016,MED-002,2026-03-17,2026-03-21,2026-03-21,2195,delivered
FAC-018,MED-001,2026-03-17,2026-03-21,2026-03-22,57,delivered
FAC-020,MED-004,2026-03-17,2026-03-22,2026-03-22,117,delivered
FAC-001,MED-006,2026-03-18,2026-03-23,,531,shipped
FAC-001,MED-007,2026-03-18,2026-03-22,2026-03-27,1113,delivered
FAC-002,MED-008,2026-03-18,2026-03-22,,157,shipped
FAC-004,MED-005,2026-03-18,2026-03-21,2026-03-28,88,delivered
FAC-005,MED-002,2026-03-18,2026-03-23,2026-03-22,1698,delivered
FAC-008,MED-002,2026-03-18,2026-03-23,2026-03-22,98,delivered
FAC-009,MED-005,2026-03-18,2026-03-23,2026-03-30,60,delivered
FAC-010,MED-008,2026-03-18,2026-03-22,2026-03-21,79,delivered
FAC-012,MED-003,2026-03-18,2026-03-21,2026-03-20,40,delivered
FAC-014,MED-007,2026-03-18,2026-03-22,2026-03-22,72,delivered
FAC-014,MED-008,2026-03-18,2026-03-21,2026-03-20,119,delivered
FAC-017,MED-002,2026-03-18,2026-03-23,2026-03-23,226,delivered
FAC-017,MED-003,2026-03-18,2026-03-22,2026-03-22,42,delivered
FAC-018,MED-003,2026-03-18,2026-03-22,2026-03-23,38,delivered
FAC-018,MED-005,2026-03-18,2026-03-22,2026-03-21,34,delivered
FAC-019,MED-005,2026-03-18,2026-03-21,2026-03-21,67,delivered
FAC-020,MED-003,2026-03-18,2026-03-21,2026-03-21,32,delivered
FAC-020,MED-005,2026-03-18,2026-03-22,2026-03-22,69,delivered
FAC-004,MED-002,2026-03-19,2026-03-23,,245,shipped
FAC-005,MED-001,2026-03-19,2026-03-24,2026-03-24,1292,delivered
FAC-010,MED-004,2026-03-19,2026-03-22,2026-03-23,74,delivered
FAC-011,MED-002,2026-03-19,2026-03-24,2026-03-24,1877,delivered
FAC-012,MED-001,2026-03-19,2026-03-23,2026-03-23,183,delivered
FAC-019,MED-001,2026-03-19,2026-03-22,2026-03-22,141,delivered
FAC-019,MED-007,2026-03-19,2026-03-23,2026-03-24,89,delivered
FAC-020,MED-008,2026-03-19,2026-03-22,2026-03-23,131,delivered
FAC-001,MED-002,2026-03-20,2026-03-24,2026-03-30,2363,delivered
FAC-002,MED-005,2026-03-20,2026-03-25,,80,shipped
FAC-003,MED-003,2026-03-20,2026-03-23,2026-03-22,34,delivered
FAC-004,MED-006,2026-03-20,2026-03-25,,63,shipped
FAC-004,MED-008,2026-03-20,2026-03-25,2026-03-31,169,delivered
FAC-007,MED-002,2026-03-20,2026-03-25,,174,shipped
FAC-007,MED-004,2026-03-20,2026-03-23,,137,shipped
FAC-010,MED-006,2026-03-20,2026-03-24,2026-03-24,36,delivered
FAC-011,MED-003,2026-03-20,2026-03-24,2026-03-23,344,delivered
FAC-011,MED-004,2026-03-20,2026-03-24,2026-03-25,1226,delivered
FAC-015,MED-004,2026-03-20,2026-03-25,2026-03-26,97,delivered
FAC-016,MED-004,2026-03-20,2026-03-25,2026-03-24,1511,delivered
FAC-016,MED-006,2026-03-20,2026-03-23,2026-03-22,578,delivered
FAC-001,MED-003,2026-03-21,2026-03-25,,466,shipped
FAC-001,MED-008,2026-03-21,2026-03-24,2026-03-30,1722,delivered
FAC-002,MED-002,2026-03-21,2026-03-26,,217,shipped
FAC-002,MED-007,2026-03-21,2026-03-25,,92,shipped
FAC-008,MED-008,2026-03-21,2026-03-24,2026-03-24,60,delivered
FAC-009,MED-006,2026-03-21,2026-03-25,2026-03-31,42,delivered
FAC-009,MED-008,2026-03-21,2026-03-25,,121,shipped
FAC-010,MED-005,2026-03-21,2026-03-25,2026-03-25,44,delivered
FAC-013,MED-005,2026-03-21,2026-03-26,2026-03-25,38,delivered
FAC-014,MED-005,2026-03-21,2026-03-24,2026-03-25,74,delivered
FAC-019,MED-003,2026-03-21,2026-03-26,2026-03-26,38,delivered
FAC-001,MED-001,2026-03-22,2026-03-25,2026-03-31,1783,delivered
FAC-003,MED-002,2026-03-22,2026-03-26,2026-03-27,67,delivered
FAC-003,MED-005,2026-03-22,2026-03-26,2026-03-25,35,delivered
FAC-004,MED-004,2026-03-22,2026-03-25,,153,shipped
FAC-005,MED-003,2026-03-22,2026-03-26,2026-03-27,339,delivered
FAC-005,MED-004,2026-03-22,2026-03-26,2026-03-26,1213,delivered
FAC-005,MED-008,2026-03-22,2026-03-27,2026-03-28,1128,delivered
FAC-006,MED-008,2026-03-22,2026-03-27,,1431,shipped
FAC-008,MED-001,2026-03-22,2026-03-26,2026-03-25,73,delivered
FAC-011,MED-001,2026-03-22,2026-03-26,2026-03-27,1502,delivered
FAC-011,MED-006,2026-03-22,2026-03-25,2026-03-26,517,delivered
FAC-012,MED-002,2026-03-22,2026-03-25,2026-03-25,234,delivered
FAC-016,MED-007,2026-03-22,2026-03-27,2026-03-26,884,delivered
FAC-017,MED-005,2026-03-22,2026-03-27,2026-03-28,90,delivered
FAC-017,MED-008,2026-03-22,2026-03-27,2026-03-26,155,delivered
FAC-019,MED-002,2026-03-22,2026-03-25,2026-03-26,174,delivered
FAC-019,MED-006,2026-03-22,2026-03-26,2026-03-27,43,delivered
FAC-020,MED-001,2026-03-22,2026-03-25,2026-03-25,138,delivered
FAC-020,MED-002,2026-03-22,2026-03-26,2026-03-25,155,delivered
FAC-001,MED-005,2026-03-23,2026-03-27,,801,shipped
FAC-007,MED-005,2026-03-23,2026-03-27,,73,shipped
FAC-008,MED-003,2026-03-23,2026-03-26,2026-03-26,33,delivered
FAC-008,MED-005,2026-03-23,2026-03-27,2026-03-26,37,delivered
FAC-008,MED-007,2026-03-23,2026-03-28,2026-03-29,45,delivered
FAC-012,MED-008,2026-03-23,2026-03-28,2026-03-29,166,delivered
FAC-013,MED-004,2026-03-23,2026-03-28,2026-03-28,46,delivered
FAC-014,MED-003,2026-03-23,2026-03-26,2026-03-26,37,delivered
FAC-014,MED-004,2026-03-23,2026-03-27,2026-03-27,124,delivered
FAC-016,MED-008,2026-03-23,2026-03-28,2026-03-29,1491,delivered
FAC-018,MED-006,2026-03-23,2026-03-26,2026-03-25,36,delivered
FAC-018,MED-007,2026-03-23,2026-03-28,2026-03-27,34,delivered
FAC-020,MED-007,2026-03-23,2026-03-27,2026-03-26,82,delivered
FAC-002,MED-004,2026-03-24,2026-03-29,,154,shipped
FAC-006,MED-004,2026-03-24,2026-03-27,,1330,shipped
FAC-007,MED-008,2026-03-24,2026-03-27,,136,shipped
FAC-010,MED-001,2026-03-24,2026-03-29,2026-03-30,104,delivered
FAC-010,MED-002,2026-03-24,2026-03-28,2026-03-27,110,delivered
FAC-011,MED-007,2026-03-24,2026-03-29,2026-03-28,906,delivered
FAC-013,MED-001,2026-03-24,2026-03-29,2026-03-29,56,delivered
FAC-013,MED-008,2026-03-24,2026-03-29,2026-03-30,45,delivered
FAC-015,MED-001,2026-03-24,2026-03-27,2026-03-27,106,delivered
FAC-015,MED-002,2026-03-24,2026-03-27,2026-03-26,133,delivered
FAC-015,MED-003,2026-03-24,2026-03-28,2026-03-28,39,delivered
FAC-015,MED-006,2026-03-24,2026-03-28,2026-03-28,38,delivered
FAC-016,MED-005,2026-03-24,2026-03-28,2026-03-29,782,delivered
FAC-017,MED-006,2026-03-24,2026-03-27,2026-03-28,59,delivered
FAC-019,MED-004,2026-03-24,2026-03-27,2026-03-27,131,delivered
FAC-002,MED-006,2026-03-25,2026-03-28,,59,shipped
FAC-003,MED-008,2026-03-25,2026-03-28,2026-03-29,49,delivered
FAC-007,MED-003,2026-03-25,2026-03-28,,40,shipped
FAC-012,MED-007,2026-03-25,2026-03-29,2026-03-29,101,delivered
FAC-013,MED-006,2026-03-25,2026-03-30,2026-03-30,38,delivered
FAC-014,MED-001,2026-03-25,2026-03-28,2026-03-29,148,delivered
FAC-016,MED-003,2026-03-25,2026-03-28,2026-03-28,391,delivered
FAC-017,MED-001,2026-03-25,2026-03-28,2026-03-29,165,delivered
FAC-019,MED-008,2026-03-25,2026-03-29,2026-03-28,128,delivered
FAC-002,MED-001,2026-03-26,2026-03-30,,159,shipped
FAC-004,MED-001,2026-03-26,2026-03-29,,207,shipped
FAC-005,MED-005,2026-03-26,2026-03-31,,643,shipped
FAC-005,MED-006,2026-03-26,2026-03-31,2026-03-30,421,delivered
FAC-007,MED-006,2026-03-26,2026-03-31,,54,shipped
FAC-009,MED-002,2026-03-26,2026-03-31,,139,shipped
FAC-009,MED-007,2026-03-26,2026-03-29,,74,shipped
FAC-010,MED-003,2026-03-26,2026-03-30,2026-03-30,37,delivered
FAC-010,MED-007,2026-03-26,2026-03-30,2026-03-30,51,delivered
FAC-012,MED-001,2026-03-26,2026-03-30,2026-03-30,185,delivered
FAC-014,MED-006,2026-03-26,2026-03-30,2026-03-30,46,delivered
FAC-016,MED-001,2026-03-26,2026-03-30,2026-03-30,1521,delivered
FAC-018,MED-002,2026-03-26,2026-03-31,2026-03-30,79,delivered
FAC-002,MED-003,2026-03-27,2026-03-31,,41,shipped
FAC-003,MED-007,2026-03-27,2026-03-30,2026-03-29,36,delivered
FAC-005,MED-007,2026-03-27,2026-03-31,2026-03-31,717,delivered
FAC-006,MED-003,2026-03-27,2026-03-30,,350,shipped
FAC-007,MED-007,2026-03-27,2026-04-01,,88,shipped
FAC-012,MED-004,2026-03-27,2026-04-01,2026-03-31,142,delivered
FAC-014,MED-002,2026-03-27,2026-03-30,2026-03-31,169,delivered
FAC-015,MED-005,2026-03-27,2026-03-31,2026-03-30,55,delivered
FAC-015,MED-007,2026-03-27,2026-04-01,2026-03-31,64,delivered
FAC-015,MED-008,2026-03-27,2026-04-01,,99,shipped
FAC-017,MED-004,2026-03-27,2026-04-01,,149,shipped
FAC-017,MED-007,2026-03-27,2026-03-30,2026-03-29,105,delivered
FAC-006,MED-002,2026-03-28,2026-03-31,,1779,shipped
FAC-006,MED-005,2026-03-28,2026-03-31,,739,shipped
FAC-008,MED-006,2026-03-28,2026-03-31,2026-03-31,35,delivered
FAC-009,MED-004,2026-03-28,2026-04-02,,93,shipped
FAC-018,MED-004,2026-03-28,2026-04-02,,47,shipped
FAC-018,MED-005,2026-03-28,2026-04-02,,37,shipped
FAC-003,MED-001,2026-03-29,2026-04-03,,60,shipped
FAC-004,MED-003,2026-03-29,2026-04-02,,43,shipped
FAC-006,MED-007,2026-03-29,2026-04-01,,994,shipped
FAC-008,MED-004,2026-03-29,2026-04-03,,64,shipped
FAC-011,MED-005,2026-03-29,2026-04-01,,794,shipped
FAC-011,MED-008,2026-03-29,2026-04-01,,1392,shipped
FAC-012,MED-003,2026-03-29,2026-04-01,2026-03-31,44,delivered
FAC-012,MED-005,2026-03-29,2026-04-01,2026-03-31,81,delivered
FAC-013,MED-003,2026-03-29,2026-04-01,,38,shipped
FAC-018,MED-001,2026-03-29,2026-04-02,,66,shipped
FAC-001,MED-004,2026-03-30,2026-04-04,,1405,shipped
FAC-003,MED-002,2026-03-30,2026-04-04,,69,shipped
FAC-003,MED-004,2026-03-30,2026-04-04,,46,shipped
FAC-004,MED-005,2026-03-30,2026-04-03,,87,shipped
FAC-004,MED-007,2026-03-30,2026-04-04,,101,shipped
FAC-005,MED-002,2026-03-30,2026-04-02,,1826,shipped
FAC-006,MED-001,2026-03-30,2026-04-04,,1667,shipped
FAC-007,MED-001,2026-03-30,2026-04-03,,154,shipped
FAC-008,MED-002,2026-03-30,2026-04-02,,85,shipped
FAC-014,MED-007,2026-03-30,2026-04-02,,75,shipped
FAC-016,MED-002,2026-03-30,2026-04-02,,1888,shipped
FAC-018,MED-008,2026-03-30,2026-04-03,,56,shipped
FAC-019,MED-005,2026-03-30,2026-04-03,,68,shipped
FAC-020,MED-003,2026-03-30,2026-04-03,,39,shipped
FAC-020,MED-006,2026-03-30,2026-04-03,,42,shipped
FAC-001,MED-007,2026-03-31,2026-04-04,,973,shipped
FAC-003,MED-006,2026-03-31,2026-04-03,,36,shipped
FAC-005,MED-001,2026-03-31,2026-04-05,,1334,shipped
FAC-006,MED-006,2026-03-31,2026-04-05,,548,shipped
FAC-009,MED-001,2026-03-31,2026-04-05,,113,shipped
FAC-010,MED-004,2026-03-31,2026-04-05,,79,shipped
FAC-010,MED-008,2026-03-31,2026-04-04,,86,shipped
FAC-011,MED-002,2026-03-31,2026-04-04,,1980,shipped
FAC-012,MED-006,2026-03-31,2026-04-05,,54,shipped
FAC-014,MED-008,2026-03-31,2026-04-03,,130,shipped
FAC-020,MED-004,2026-03-31,2026-04-04,,102,shipped
