facility_id,medicine_id,order_date,expected_date,actual_received_date,quantity
FAC-003,MED-007,2026-01-04,2026-01-09,2026-01-09,36
FAC-005,MED-002,2026-01-04,2026-01-09,2026-01-08,1780
FAC-006,MED-001,2026-01-04,2026-01-08,2026-01-08,1555
FAC-007,MED-003,2026-01-04,2026-01-08,2026-01-07,34
FAC-010,MED-007,2026-01-04,2026-01-08,2026-01-08,51
FAC-016,MED-002,2026-01-04,2026-01-09,2026-01-09,2135
FAC-001,MED-007,2026-01-05,2026-01-09,2026-01-09,1130
FAC-002,MED-001,2026-01-05,2026-01-08,2026-01-08,169
FAC-004,MED-004,2026-01-05,2026-01-09,2026-01-09,146
FAC-004,MED-006,2026-01-05,2026-01-08,2026-01-07,65
FAC-007,MED-001,2026-01-05,2026-01-09,2026-01-09,164
FAC-011,MED-003,2026-01-05,2026-01-08,2026-01-08,357
FAC-012,MED-008,2026-01-05,2026-01-10,2026-01-11,175
FAC-013,MED-003,2026-01-05,2026-01-10,2026-01-09,32
FAC-015,MED-003,2026-01-05,2026-01-09,2026-01-09,35
FAC-015,MED-007,2026-01-05,2026-01-10,2026-01-10,65
FAC-017,MED-004,2026-01-05,2026-01-08,2026-01-09,138
FAC-020,MED-004,2026-01-05,2026-01-08,2026-01-09,108
FAC-020,MED-007,2026-01-05,2026-01-08,2026-01-07,69
FAC-001,MED-008,2026-01-06,2026-01-11,2026-01-11,1591
FAC-003,MED-003,2026-01-06,2026-01-09,2026-01-09,35
FAC-007,MED-002,2026-01-06,2026-01-10,2026-01-11,182
FAC-007,MED-008,2026-01-06,2026-01-11,2026-01-11,138
FAC-008,MED-004,2026-01-06,2026-01-11,2026-01-11,57
FAC-008,MED-005,2026-01-06,2026-01-11,2026-01-11,32
FAC-009,MED-004,2026-01-06,2026-01-10,2026-01-09,95
FAC-011,MED-002,2026-01-06,2026-01-09,2026-01-09,1901
FAC-013,MED-006,2026-01-06,2026-01-09,2026-01-10,34
FAC-013,MED-007,2026-01-06,2026-01-11,2026-01-10,35
FAC-015,MED-006,2026-01-06,2026-01-11,2026-01-11,36
FAC-016,MED-006,2026-01-06,2026-01-11,2026-01-12,552
FAC-018,MED-004,2026-01-06,2026-01-11,2026-01-11,56
FAC-018,MED-005,2026-01-06,2026-01-10,2026-01-11,33
FAC-019,MED-008,2026-01-06,2026-01-10,2026-01-09,143
FAC-020,MED-005,2026-01-06,2026-01-11,2026-01-12,66
FAC-020,MED-008,2026-01-06,2026-01-11,2026-01-12,114
FAC-002,MED-004,2026-01-07,2026-01-11,2026-01-11,139
FAC-003,MED-001,2026-01-07,2026-01-10,2026-01-10,54
FAC-003,MED-006,2026-01-07,2026-01-10,2026-01-11,38
FAC-005,MED-003,2026-01-07,2026-01-11,2026-01-10,344
FAC-008,MED-003,2026-01-07,2026-01-12,2026-01-12,33
FAC-010,MED-002,2026-01-07,2026-01-11,2026-01-11,109
FAC-010,MED-003,2026-01-07,2026-01-10,2026-01-10,34
FAC-012,MED-004,2026-01-07,2026-01-11,2026-01-11,152
FAC-013,MED-004,2026-01-07,2026-01-10,2026-01-10,40
FAC-014,MED-002,2026-01-07,2026-01-11,2026-01-12,168
FAC-016,MED-004,2026-01-07,2026-01-12,2026-01-12,1261
FAC-017,MED-002,2026-01-07,2026-01-12,2026-01-12,211
FAC-017,MED-007,2026-01-07,2026-01-11,2026-01-12,93
FAC-020,MED-001,2026-01-07,2026-01-10,2026-01-11,118
FAC-002,MED-002,2026-01-08,2026-01-13,2026-01-14,233
FAC-002,MED-003,2026-01-08,2026-01-11,2026-01-10,43
FAC-002,MED-006,2026-01-08,2026-01-13,2026-01-14,52
FAC-005,MED-001,2026-01-08,2026-01-12,2026-01-13,1258
FAC-005,MED-004,2026-01-08,2026-01-11,2026-01-11,1030
FAC-007,MED-005,2026-01-08,2026-01-12,2026-01-13,71
FAC-008,MED-001,2026-01-08,2026-01-13,2026-01-14,68
FAC-008,MED-006,2026-01-08,2026-01-12,2026-01-12,35
FAC-011,MED-004,2026-01-08,2026-01-13,2026-01-13,1134
FAC-011,MED-006,2026-01-08,2026-01-12,2026-01-13,513
FAC-012,MED-001,2026-01-08,2026-01-12,2026-01-12,196
FAC-014,MED-007,2026-01-08,2026-01-11,2026-01-12,74
FAC-016,MED-008,2026-01-08,2026-01-11,2026-01-11,1382
FAC-002,MED-007,2026-01-09,2026-01-12,2026-01-12,93
FAC-004,MED-005,2026-01-09,2026-01-12,2026-01-11,94
FAC-006,MED-006,2026-01-09,2026-01-14,2026-01-14,479
FAC-006,MED-008,2026-01-09,2026-01-13,2026-01-13,1442
FAC-010,MED-001,2026-01-09,2026-01-13,2026-01-14,93
FAC-011,MED-001,2026-01-09,2026-01-14,2026-01-13,1589
FAC-012,MED-006,2026-01-09,2026-01-14,2026-01-14,59
FAC-012,MED-007,2026-01-09,2026-01-12,2026-01-12,108
FAC-014,MED-005,2026-01-09,2026-01-13,2026-01-12,68
FAC-015,MED-005,2026-01-09,2026-01-14,2026-01-14,53
FAC-016,MED-003,2026-01-09,2026-01-12,2026-01-12,378
FAC-019,MED-001,2026-01-09,2026-01-12,2026-01-13,154
FAC-019,MED-002,2026-01-09,2026-01-12,2026-01-11,191
FAC-002,MED-008,2026-01-10,2026-01-15,2026-01-15,145
FAC-005,MED-006,2026-01-10,2026-01-14,2026-01-14,429
FAC-005,MED-008,2026-01-10,2026-01-14,2026-01-14,1301
FAC-006,MED-004,2026-01-10,2026-01-13,2026-01-12,1256
FAC-006,MED-007,2026-01-10,2026-01-13,2026-01-14,932
FAC-008,MED-007,2026-01-10,2026-01-13,2026-01-13,45
FAC-010,MED-004,2026-01-10,2026-01-14,2026-01-13,82
FAC-011,MED-007,2026-01-10,2026-01-14,2026-01-15,871
FAC-012,MED-005,2026-01-10,2026-01-13,2026-01-13,89
FAC-013,MED-001,2026-01-10,2026-01-14,2026-01-14,58
FAC-018,MED-002,2026-01-10,2026-01-14,2026-01-14,78
FAC-001,MED-005,2026-01-11,2026-01-14,2026-01-14,934
FAC-003,MED-005,2026-01-11,2026-01-16,2026-01-16,36
FAC-005,MED-005,2026-01-11,2026-01-14,2026-01-15,726
FAC-008,MED-002,2026-01-11,2026-01-14,2026-01-14,83
FAC-013,MED-002,2026-01-11,2026-01-14,2026-01-14,63
FAC-013,MED-008,2026-01-11,2026-01-16,2026-01-15,50
FAC-014,MED-006,2026-01-11,2026-01-16,2026-01-17,44
FAC-015,MED-002,2026-01-11,2026-01-14,2026-01-14,130
FAC-016,MED-007,2026-01-11,2026-01-15,2026-01-15,957
FAC-017,MED-003,2026-01-11,2026-01-15,2026-01-14,37
FAC-018,MED-003,2026-01-11,2026-01-15,2026-01-15,34
FAC-018,MED-008,2026-01-11,2026-01-15,2026-01-16,62
FAC-003,MED-002,2026-01-12,2026-01-16,2026-01-16,76
FAC-004,MED-003,2026-01-12,2026-01-17,2026-01-17,44
FAC-004,MED-008,2026-01-12,2026-01-16,2026-01-15,165
FAC-007,MED-003,2026-01-12,2026-01-16,2026-01-16,38
FAC-007,MED-006,2026-01-12,2026-01-16,2026-01-15,46
FAC-009,MED-001,2026-01-12,2026-01-16,2026-01-15,112
FAC-009,MED-006,2026-01-12,2026-01-16,2026-01-17,36
FAC-010,MED-006,2026-01-12,2026-01-16,2026-01-15,35
FAC-010,MED-008,2026-01-12,2026-01-16,2026-01-16,92
FAC-011,MED-008,2026-01-12,2026-01-15,2026-01-15,1315
FAC-014,MED-004,2026-01-12,2026-01-15,2026-01-16,108
FAC-015,MED-001,2026-01-12,2026-01-16,2026-01-15,114
FAC-015,MED-008,2026-01-12,2026-01-16,2026-01-15,97
FAC-016,MED-001,2026-01-12,2026-01-15,2026-01-15,1636
FAC-016,MED-005,2026-01-12,2026-01-15,2026-01-14,757
FAC-017,MED-008,2026-01-12,2026-01-15,2026-01-15,157
FAC-019,MED-003,2026-01-12,2026-01-17,2026-01-17,38
FAC-001,MED-002,2026-01-13,2026-01-18,2026-01-18,2155
FAC-002,MED-005,2026-01-13,2026-01-17,2026-01-16,84
FAC-003,MED-004,2026-01-13,2026-01-16,2026-01-17,50
FAC-004,MED-002,2026-01-13,2026-01-17,2026-01-17,219
FAC-006,MED-002,2026-01-13,2026-01-17,2026-01-18,1764
FAC-006,MED-005,2026-01-13,2026-01-16,2026-01-17,708
FAC-007,MED-004,2026-01-13,2026-01-18,2026-01-19,125
FAC-008,MED-008,2026-01-13,2026-01-16,2026-01-16,67
FAC-014,MED-008,2026-01-13,2026-01-17,2026-01-18,123
FAC-017,MED-006,2026-01-13,2026-01-16,2026-01-16,54
FAC-018,MED-001,2026-01-13,2026-01-18,2026-01-19,57
FAC-020,MED-003,2026-01-13,2026-01-18,2026-01-18,35
FAC-020,MED-006,2026-01-13,2026-01-18,2026-01-18,46
FAC-001,MED-006,2026-01-14,2026-01-18,2026-01-19,617
FAC-004,MED-001,2026-01-14,2026-01-17,2026-01-17,210
FAC-006,MED-003,2026-01-14,2026-01-17,2026-01-17,374
FAC-009,MED-003,2026-01-14,2026-01-17,2026-01-18,33
FAC-009,MED-005,2026-01-14,2026-01-17,2026-01-16,59
FAC-013,MED-005,2026-01-14,2026-01-17,2026-01-17,37
FAC-014,MED-003,2026-01-14,2026-01-18,2026-01-18,32
FAC-015,MED-004,2026-01-14,2026-01-19,2026-01-19,89
FAC-018,MED-007,2026-01-14,2026-01-17,2026-01-17,33
FAC-019,MED-004,2026-01-14,2026-01-18,2026-01-18,131
FAC-001,MED-003,2026-01-15,2026-01-19,2026-01-20,445
FAC-001,MED-004,2026-01-15,2026-01-18,2026-01-18,1555
FAC-003,MED-007,2026-01-15,2026-01-19,2026-01-20,33
FAC-004,MED-007,2026-01-15,2026-01-18,2026-01-18,108
FAC-005,MED-007,2026-01-15,2026-01-20,2026-01-20,769
FAC-006,MED-001,2026-01-15,2026-01-18,2026-01-18,1610
FAC-009,MED-002,2026-01-15,2026-01-19,2026-01-19,160
FAC-009,MED-007,2026-01-15,2026-01-19,2026-01-19,71
FAC-009,MED-008,2026-01-15,2026-01-20,2026-01-20,105
FAC-010,MED-003,2026-01-15,2026-01-18,2026-01-17,37
FAC-011,MED-005,2026-01-15,2026-01-18,2026-01-19,678
FAC-019,MED-005,2026-01-15,2026-01-18,2026-01-18,67
FAC-019,MED-006,2026-01-15,2026-01-18,2026-01-18,52
FAC-019,MED-007,2026-01-15,2026-01-19,2026-01-18,82
FAC-020,MED-002,2026-01-15,2026-01-18,2026-01-17,170
FAC-001,MED-001,2026-01-16,2026-01-19,2026-01-19,1725
FAC-003,MED-008,2026-01-16,2026-01-21,2026-01-22,57
FAC-008,MED-004,2026-01-16,2026-01-20,2026-01-19,60
FAC-011,MED-003,2026-01-16,2026-01-21,2026-01-22,379
FAC-012,MED-008,2026-01-16,2026-01-21,2026-01-21,148
FAC-013,MED-004,2026-01-16,2026-01-20,2026-01-21,44
FAC-017,MED-001,2026-01-16,2026-01-20,2026-01-21,176
FAC-017,MED-005,2026-01-16,2026-01-19,2026-01-19,86
FAC-018,MED-005,2026-01-16,2026-01-19,2026-01-20,38
FAC-018,MED-006,2026-01-16,2026-01-20,2026-01-19,32
FAC-004,MED-004,2026-01-17,2026-01-22,2026-01-22,147
FAC-005,MED-002,2026-01-17,2026-01-21,2026-01-21,1629
FAC-010,MED-005,2026-01-17,2026-01-20,2026-01-20,45
FAC-010,MED-007,2026-01-17,2026-01-20,2026-01-19,53
FAC-012,MED-002,2026-01-17,2026-01-22,2026-01-23,206
FAC-013,MED-007,2026-01-17,2026-01-22,2026-01-22,32
FAC-015,MED-003,2026-01-17,2026-01-22,2026-01-22,37
FAC-016,MED-002,2026-01-17,2026-01-20,2026-01-20,2047
FAC-019,MED-008,2026-01-17,2026-01-22,2026-01-22,131
FAC-020,MED-007,2026-01-17,2026-01-20,2026-01-19,78
FAC-001,MED-007,2026-01-18,2026-01-21,2026-01-21,1006
FAC-001,MED-008,2026-01-18,2026-01-23,2026-01-23,1606
FAC-003,MED-001,2026-01-18,2026-01-21,2026-01-20,60
FAC-003,MED-006,2026-01-18,2026-01-23,2026-01-22,36
FAC-007,MED-007,2026-01-18,2026-01-23,2026-01-23,88
FAC-008,MED-005,2026-01-18,2026-01-22,2026-01-21,36
FAC-009,MED-004,2026-01-18,2026-01-23,2026-01-24,104
FAC-013,MED-003,2026-01-18,2026-01-22,2026-01-22,38
FAC-013,MED-006,2026-01-18,2026-01-21,2026-01-21,34
FAC-015,MED-007,2026-01-18,2026-01-23,2026-01-23,69
FAC-016,MED-004,2026-01-18,2026-01-23,2026-01-22,1409
FAC-002,MED-003,2026-01-19,2026-01-23,2026-01-23,44
FAC-005,MED-001,2026-01-19,2026-01-24,2026-01-23,1216
FAC-005,MED-004,2026-01-19,2026-01-22,2026-01-23,1193
FAC-007,MED-008,2026-01-19,2026-01-24,2026-01-24,127
FAC-008,MED-001,2026-01-19,2026-01-23,2026-01-24,75
FAC-010,MED-002,2026-01-19,2026-01-23,2026-01-22,113
FAC-011,MED-002,2026-01-19,2026-01-23,2026-01-23,1855
FAC-011,MED-004,2026-01-19,2026-01-22,2026-01-23,1322
FAC-012,MED-003,2026-01-19,2026-01-23,2026-01-24,40
FAC-012,MED-004,2026-01-19,2026-01-22,2026-01-21,145
FAC-014,MED-001,2026-01-19,2026-01-23,2026-01-24,138
FAC-014,MED-002,2026-01-19,2026-01-23,2026-01-24,170
FAC-015,MED-006,2026-01-19,2026-01-23,2026-01-24,37
FAC-016,MED-006,2026-01-19,2026-01-22,2026-01-23,566
FAC-020,MED-001,2026-01-19,2026-01-24,2026-01-24,120
FAC-020,MED-004,2026-01-19,2026-01-22,2026-01-21,109
FAC-020,MED-008,2026-01-19,2026-01-23,2026-01-23,123
FAC-002,MED-001,2026-01-20,2026-01-25,2026-01-25,170
FAC-002,MED-008,2026-01-20,2026-01-25,2026-01-25,161
FAC-005,MED-003,2026-01-20,2026-01-25,2026-01-25,363
FAC-006,MED-008,2026-01-20,2026-01-24,2026-01-24,1284
FAC-007,MED-001,2026-01-20,2026-01-23,2026-01-23,149
FAC-007,MED-002,2026-01-20,2026-01-23,2026-01-24,178
FAC-008,MED-003,2026-01-20,2026-01-23,2026-01-23,37
FAC-008,MED-006,2026-01-20,2026-01-23,2026-01-23,32
FAC-012,MED-005,2026-01-20,2026-01-24,2026-01-24,93
FAC-014,MED-007,2026-01-20,2026-01-24,2026-01-25,74
FAC-016,MED-003,2026-01-20,2026-01-25,2026-01-24,436
FAC-016,MED-008,2026-01-20,2026-01-23,2026-01-22,1654
FAC-017,MED-002,2026-01-20,2026-01-23,2026-01-23,227
FAC-017,MED-004,2026-01-20,2026-01-24,2026-01-24,138
FAC-002,MED-004,2026-01-21,2026-01-24,2026-01-23,129
FAC-002,MED-006,2026-01-21,2026-01-24,2026-01-23,56
FAC-002,MED-007,2026-01-21,2026-01-26,2026-01-26,108
FAC-003,MED-003,2026-01-21,2026-01-25,2026-01-25,32
FAC-006,MED-006,2026-01-21,2026-01-25,2026-01-26,533
FAC-007,MED-005,2026-01-21,2026-01-24,2026-01-25,73
FAC-010,MED-006,2026-01-21,2026-01-24,2026-01-24,38
FAC-011,MED-006,2026-01-21,2026-01-24,2026-01-24,439
FAC-012,MED-006,2026-01-21,2026-01-25,2026-01-26,58
FAC-012,MED-007,2026-01-21,2026-01-24,2026-01-24,100
FAC-017,MED-007,2026-01-21,2026-01-26,2026-01-25,91
FAC-018,MED-003,2026-01-21,2026-01-26,2026-01-26,33
FAC-020,MED-005,2026-01-21,2026-01-25,2026-01-24,69
FAC-004,MED-003,2026-01-22,2026-01-25,2026-01-26,49
FAC-005,MED-006,2026-01-22,2026-01-26,2026-01-25,457
FAC-006,MED-004,2026-01-22,2026-01-27,2026-01-27,1382
FAC-008,MED-002,2026-01-22,2026-01-26,2026-01-25,82
FAC-009,MED-006,2026-01-22,2026-01-25,2026-01-26,38
FAC-010,MED-001,2026-01-22,2026-01-26,2026-01-27,93
FAC-011,MED-007,2026-01-22,2026-01-26,2026-01-27,776
FAC-013,MED-001,2026-01-22,2026-01-26,2026-01-27,55
FAC-014,MED-006,2026-01-22,2026-01-25,2026-01-24,45
FAC-015,MED-002,2026-01-22,2026-01-27,2026-01-28,142
FAC-015,MED-005,2026-01-22,2026-01-26,2026-01-26,50
FAC-017,MED-003,2026-01-22,2026-01-26,2026-01-25,39
FAC-020,MED-003,2026-01-22,2026-01-25,2026-01-24,37
FAC-002,MED-002,2026-01-23,2026-01-27,2026-01-28,234
FAC-003,MED-002,2026-01-23,2026-01-27,2026-01-27,69
FAC-004,MED-005,2026-01-23,2026-01-26,2026-01-26,95
FAC-004,MED-006,2026-01-23,2026-01-26,2026-01-27,69
FAC-004,MED-008,2026-01-23,2026-01-27,2026-01-26,160
FAC-005,MED-008,2026-01-23,2026-01-27,2026-01-27,1258
FAC-006,MED-007,2026-01-23,2026-01-26,2026-01-26,889
FAC-008,MED-007,2026-01-23,2026-01-26,2026-01-27,40
FAC-010,MED-004,2026-01-23,2026-01-26,2026-01-27,77
FAC-011,MED-001,2026-01-23,2026-01-27,2026-01-28,1387
FAC-012,MED-001,2026-01-23,2026-01-27,2026-01-28,177
FAC-014,MED-005,2026-01-23,2026-01-28,2026-01-28,73
FAC-016,MED-007,2026-01-23,2026-01-28,2026-01-28,962
FAC-018,MED-004,2026-01-23,2026-01-27,2026-01-28,54
FAC-019,MED-001,2026-01-23,2026-01-26,2026-01-26,146
FAC-001,MED-005,2026-01-24,2026-01-27,2026-01-28,869
FAC-002,MED-005,2026-01-24,2026-01-29,2026-01-30,91
FAC-003,MED-005,2026-01-24,2026-01-29,2026-01-29,39
FAC-006,MED-002,2026-01-24,2026-01-29,2026-01-30,2000
FAC-006,MED-005,2026-01-24,2026-01-28,2026-01-27,842
FAC-009,MED-005,2026-01-24,2026-01-27,2026-01-27,65
FAC-011,MED-008,2026-01-24,2026-01-27,2026-01-26,1336
FAC-013,MED-002,2026-01-24,2026-01-28,2026-01-27,59
FAC-013,MED-005,2026-01-24,2026-01-29,2026-01-29,37
FAC-016,MED-001,2026-01-24,2026-01-27,2026-01-27,1662
FAC-016,MED-005,2026-01-24,2026-01-27,2026-01-28,823
FAC-018,MED-001,2026-01-24,2026-01-29,2026-01-29,56
FAC-018,MED-008,2026-01-24,2026-01-28,2026-01-27,56
FAC-019,MED-003,2026-01-24,2026-01-28,2026-01-29,37
FAC-001,MED-002,2026-01-25,2026-01-28,2026-01-28,2055
FAC-005,MED-005,2026-01-25,2026-01-30,2026-01-31,620
FAC-007,MED-004,2026-01-25,2026-01-30,2026-01-31,130
FAC-013,MED-008,2026-01-25,2026-01-28,2026-01-28,49
FAC-014,MED-004,2026-01-25,2026-01-29,2026-01-30,111
FAC-018,MED-002,2026-01-25,2026-01-29,2026-01-28,82
FAC-020,MED-006,2026-01-25,2026-01-28,2026-01-29,41
FAC-003,MED-006,2026-01-26,2026-01-30,2026-01-30,36
FAC-006,MED-003,2026-01-26,2026-01-29,2026-01-29,379
FAC-007,MED-006,2026-01-26,2026-01-30,2026-01-30,53
FAC-008,MED-008,2026-01-26,2026-01-29,2026-01-29,66
FAC-009,MED-001,2026-01-26,2026-01-29,2026-01-29,130
FAC-009,MED-008,2026-01-26,2026-01-31,2026-01-31,121
FAC-010,MED-008,2026-01-26,2026-01-31,2026-01-31,94
FAC-013,MED-004,2026-01-26,2026-01-29,2026-01-29,39
FAC-014,MED-003,2026-01-26,2026-01-29,2026-01-29,37
FAC-014,MED-008,2026-01-26,2026-01-30,2026-01-31,128
FAC-015,MED-008,2026-01-26,2026-01-31,2026-01-30,99
FAC-019,MED-002,2026-01-26,2026-01-30,2026-01-31,187
FAC-001,MED-003,2026-01-27,2026-01-31,2026-01-30,413
FAC-001,MED-004,2026-01-27,2026-02-01,2026-02-01,1544
FAC-001,MED-006,2026-01-27,2026-02-01,2026-02-02,599
FAC-003,MED-004,2026-01-27,2026-02-01,2026-02-01,52
FAC-004,MED-002,2026-01-27,2026-01-30,2026-01-30,244
FAC-005,MED-007,2026-01-27,2026-01-30,2026-01-30,759
FAC-007,MED-003,2026-01-27,2026-01-31,2026-01-31,36
FAC-009,MED-007,2026-01-27,2026-01-30,2026-01-30,73
FAC-011,MED-005,2026-01-27,2026-01-30,2026-01-31,773
FAC-015,MED-001,2026-01-27,2026-01-31,2026-01-30,120
FAC-015,MED-004,2026-01-27,2026-02-01,2026-02-01,98
FAC-017,MED-006,2026-01-27,2026-01-30,2026-01-29,49
FAC-017,MED-008,2026-01-27,2026-01-30,2026-01-30,139
FAC-018,MED-006,2026-01-27,2026-02-01,2026-02-01,34
FAC-019,MED-006,2026-01-27,2026-01-30,2026-01-31,44
FAC-019,MED-007,2026-01-27,2026-01-31,2026-01-30,86
FAC-001,MED-001,2026-01-28,2026-02-02,2026-02-03,1841
FAC-003,MED-003,2026-01-28,2026-02-01,2026-01-31,33
FAC-004,MED-004,2026-01-28,2026-02-02,2026-02-03,149
FAC-004,MED-007,2026-01-28,2026-01-31,2026-01-31,108
FAC-005,MED-002,2026-01-28,2026-02-01,2026-02-01,1672
FAC-006,MED-001,2026-01-28,2026-02-01,2026-02-01,1415
FAC-008,MED-006,2026-01-28,2026-01-31,2026-01-31,38
FAC-009,MED-003,2026-01-28,2026-01-31,2026-01-31,36
FAC-012,MED-008,2026-01-28,2026-02-02,2026-02-03,177
FAC-013,MED-007,2026-01-28,2026-01-31,2026-01-31,34
FAC-016,MED-002,2026-01-28,2026-01-31,2026-01-30,2059
FAC-017,MED-005,2026-01-28,2026-02-02,2026-02-01,79
FAC-019,MED-005,2026-01-28,2026-01-31,2026-01-30,75
FAC-001,MED-007,2026-01-29,2026-02-03,2026-02-02,1094
FAC-003,MED-007,2026-01-29,2026-02-02,2026-02-02,35
FAC-004,MED-001,2026-01-29,2026-02-03,2026-02-03,196
FAC-008,MED-005,2026-01-29,2026-02-02,2026-02-01,36
FAC-009,MED-002,2026-01-29,2026-02-03,2026-02-03,160
FAC-010,MED-005,2026-01-29,2026-02-03,2026-02-04,47
FAC-011,MED-003,2026-01-29,2026-02-03,2026-02-03,342
FAC-012,MED-002,2026-01-29,2026-02-03,2026-02-04,219
FAC-013,MED-006,2026-01-29,2026-02-01,2026-02-01,33
FAC-018,MED-005,2026-01-29,2026-02-02,2026-02-02,33
FAC-018,MED-007,2026-01-29,2026-02-02,2026-02-01,33
FAC-020,MED-001,2026-01-29,2026-02-03,2026-02-02,137
FAC-020,MED-007,2026-01-29,2026-02-03,2026-02-03,76
FAC-003,MED-001,2026-01-30,2026-02-02,2026-02-02,60
FAC-003,MED-008,2026-01-30,2026-02-03,2026-02-04,54
FAC-005,MED-001,2026-01-30,2026-02-04,2026-02-03,1257
FAC-007,MED-005,2026-01-30,2026-02-04,2026-02-04,74
FAC-007,MED-007,2026-01-30,2026-02-03,2026-02-03,80
FAC-008,MED-001,2026-01-30,2026-02-04,2026-02-05,70
FAC-009,MED-004,2026-01-30,2026-02-02,2026-02-01,104
FAC-010,MED-002,2026-01-30,2026-02-02,2026-02-03,129
FAC-010,MED-003,2026-01-30,2026-02-04,2026-02-04,36
FAC-015,MED-006,2026-01-30,2026-02-04,2026-02-03,36
FAC-016,MED-004,2026-01-30,2026-02-03,2026-02-02,1385
FAC-018,MED-003,2026-01-30,2026-02-03,2026-02-02,36
FAC-019,MED-004,2026-01-30,2026-02-02,2026-02-02,112
FAC-001,MED-008,2026-01-31,2026-02-04,2026-02-03,1580
FAC-002,MED-003,2026-01-31,2026-02-03,2026-02-04,40
FAC-006,MED-008,2026-01-31,2026-02-04,2026-02-05,1385
FAC-008,MED-003,2026-01-31,2026-02-03,2026-02-03,36
FAC-008,MED-004,2026-01-31,2026-02-04,2026-02-05,58
FAC-010,MED-006,2026-01-31,2026-02-04,2026-02-04,32
FAC-011,MED-002,2026-01-31,2026-02-04,2026-02-05,1951
FAC-012,MED-003,2026-01-31,2026-02-03,2026-02-04,40
FAC-012,MED-007,2026-01-31,2026-02-04,2026-02-03,104
FAC-015,MED-007,2026-01-31,2026-02-05,2026-02-04,69
FAC-017,MED-001,2026-01-31,2026-02-04,2026-02-04,164
FAC-019,MED-008,2026-01-31,2026-02-05,2026-02-05,124
FAC-020,MED-002,2026-01-31,2026-02-04,2026-02-04,150
FAC-002,MED-004,2026-02-01,2026-02-05,2026-02-06,157
FAC-005,MED-004,2026-02-01,2026-02-06,2026-02-06,1135
FAC-007,MED-002,2026-02-01,2026-02-06,2026-02-07,177
FAC-007,MED-008,2026-02-01,2026-02-05,2026-02-04,136
FAC-010,MED-007,2026-02-01,2026-02-06,2026-02-06,51
FAC-011,MED-004,2026-02-01,2026-02-05,2026-02-05,1218
FAC-011,MED-006,2026-02-01,2026-02-05,2026-02-05,475
FAC-014,MED-001,2026-02-01,2026-02-05,2026-02-05,145
FAC-015,MED-003,2026-02-01,2026-02-04,2026-02-04,38
FAC-016,MED-006,2026-02-01,2026-02-04,2026-02-04,568
FAC-002,MED-001,2026-02-02,2026-02-06,2026-02-06,174
FAC-005,MED-003,2026-02-02,2026-02-07,2026-02-07,340
FAC-007,MED-001,2026-02-02,2026-02-06,2026-02-06,142
FAC-011,MED-007,2026-02-02,2026-02-05,2026-02-04,847
FAC-012,MED-004,2026-02-02,2026-02-07,2026-02-08,159
FAC-014,MED-002,2026-02-02,2026-02-07,2026-02-07,174
FAC-014,MED-007,2026-02-02,2026-02-05,2026-02-04,82
FAC-016,MED-003,2026-02-02,2026-02-05,2026-02-05,445
FAC-016,MED-008,2026-02-02,2026-02-06,2026-02-06,1493
FAC-017,MED-004,2026-02-02,2026-02-05,2026-02-04,130
FAC-020,MED-008,2026-02-02,2026-02-05,2026-02-04,126
FAC-002,MED-006,2026-02-03,2026-02-07,2026-02-06,54
FAC-004,MED-003,2026-02-03,2026-02-08,2026-02-07,48
FAC-005,MED-006,2026-02-03,2026-02-07,2026-02-08,484
FAC-005,MED-008,2026-02-03,2026-02-06,2026-02-06,1260
FAC-006,MED-006,2026-02-03,2026-02-06,2026-02-07,551
FAC-010,MED-001,2026-02-03,2026-02-07,2026-02-07,92
FAC-011,MED-001,2026-02-03,2026-02-06,2026-02-05,1368
FAC-012,MED-006,2026-02-03,2026-02-06,2026-02-06,61
FAC-014,MED-006,2026-02-03,2026-02-07,2026-02-06,42
FAC-015,MED-005,2026-02-03,2026-02-08,2026-02-08,50
FAC-020,MED-004,2026-02-03,2026-02-07,2026-02-07,114
FAC-001,MED-005,2026-02-04,2026-02-07,2026-02-08,924
FAC-003,MED-002,2026-02-04,2026-02-08,2026-02-07,67
FAC-006,MED-004,2026-02-04,2026-02-09,2026-02-09,1252
FAC-006,MED-007,2026-02-04,2026-02-07,2026-02-06,957
FAC-013,MED-001,2026-02-04,2026-02-09,2026-02-09,48
FAC-013,MED-002,2026-02-04,2026-02-07,2026-02-07,63
FAC-013,MED-005,2026-02-04,2026-02-07,2026-02-07,33
FAC-016,MED-005,2026-02-04,2026-02-08,2026-02-07,831
FAC-016,MED-007,2026-02-04,2026-02-09,2026-02-09,1057
FAC-017,MED-002,2026-02-04,2026-02-08,2026-02-09,225
FAC-017,MED-003,2026-02-04,2026-02-09,2026-02-08,37
FAC-017,MED-007,2026-02-04,2026-02-09,2026-02-09,99
FAC-001,MED-002,2026-02-05,2026-02-08,2026-02-07,2393
FAC-002,MED-002,2026-02-05,2026-02-08,2026-02-09,212
FAC-002,MED-008,2026-02-05,2026-02-08,2026-02-08,143
FAC-004,MED-008,2026-02-05,2026-02-10,2026-02-10,176
FAC-005,MED-005,2026-02-05,2026-02-10,2026-02-09,616
FAC-006,MED-002,2026-02-05,2026-02-10,2026-02-09,2095
FAC-010,MED-004,2026-02-05,2026-02-09,2026-02-10,76
FAC-011,MED-008,2026-02-05,2026-02-08,2026-02-09,1446
FAC-012,MED-001,2026-02-05,2026-02-09,2026-02-08,163
FAC-012,MED-005,2026-02-05,2026-02-10,2026-02-09,90
FAC-013,MED-003,2026-02-05,2026-02-09,2026-02-08,38
FAC-018,MED-001,2026-02-05,2026-02-09,2026-02-09,60
FAC-018,MED-004,2026-02-05,2026-02-09,2026-02-09,55
FAC-018,MED-008,2026-02-05,2026-02-10,2026-02-11,60
FAC-019,MED-001,2026-02-05,2026-02-09,2026-02-08,138
FAC-002,MED-005,2026-02-06,2026-02-10,2026-02-09,79
FAC-002,MED-007,2026-02-06,2026-02-10,2026-02-10,98
FAC-003,MED-004,2026-02-06,2026-02-09,2026-02-09,50
FAC-004,MED-006,2026-02-06,2026-02-10,2026-02-11,66
FAC-008,MED-002,2026-02-06,2026-02-10,2026-02-09,95
FAC-008,MED-007,2026-02-06,2026-02-09,2026-02-08,44
FAC-013,MED-004,2026-02-06,2026-02-11,2026-02-11,46
FAC-016,MED-001,2026-02-06,2026-02-09,2026-02-09,1570
FAC-017,MED-008,2026-02-06,2026-02-10,2026-02-11,145
FAC-020,MED-003,2026-02-06,2026-02-11,2026-02-11,37
FAC-001,MED-003,2026-02-07,2026-02-12,2026-02-11,441
FAC-004,MED-005,2026-02-07,2026-02-12,2026-02-12,88
FAC-006,MED-003,2026-02-07,2026-02-12,2026-02-12,360
FAC-006,MED-005,2026-02-07,2026-02-11,2026-02-11,729
FAC-008,MED-008,2026-02-07,2026-02-11,2026-02-10,62
FAC-009,MED-003,2026-02-07,2026-02-12,2026-02-12,35
FAC-009,MED-006,2026-02-07,2026-02-10,2026-02-10,40
FAC-013,MED-008,2026-02-07,2026-02-11,2026-02-11,47
FAC-015,MED-002,2026-02-07,2026-02-11,2026-02-12,149
FAC-015,MED-008,2026-02-07,2026-02-11,2026-02-12,108
FAC-018,MED-002,2026-02-07,2026-02-11,2026-02-11,83
FAC-018,MED-007,2026-02-07,2026-02-10,2026-02-09,36
FAC-019,MED-002,2026-02-07,2026-02-11,2026-02-11,170
FAC-020,MED-006,2026-02-07,2026-02-11,2026-02-10,40
FAC-001,MED-006,2026-02-08,2026-02-13,2026-02-13,602
FAC-003,MED-001,2026-02-08,2026-02-11,2026-02-12,52
FAC-003,MED-003,2026-02-08,2026-02-12,2026-02-12,34
FAC-005,MED-007,2026-02-08,2026-02-11,2026-02-11,750
FAC-006,MED-001,2026-02-08,2026-02-12,2026-02-12,1441
FAC-010,MED-008,2026-02-08,2026-02-11,2026-02-12,91
FAC-014,MED-004,2026-02-08,2026-02-12,2026-02-11,121
FAC-014,MED-008,2026-02-08,2026-02-13,2026-02-12,123
FAC-017,MED-006,2026-02-08,2026-02-13,2026-02-13,51
FAC-019,MED-003,2026-02-08,2026-02-11,2026-02-11,36
FAC-020,MED-005,2026-02-08,2026-02-12,2026-02-11,66
FAC-003,MED-005,2026-02-09,2026-02-12,2026-02-12,38
FAC-004,MED-002,2026-02-09,2026-02-14,2026-02-14,230
FAC-004,MED-004,2026-02-09,2026-02-13,2026-02-13,161
FAC-007,MED-003,2026-02-09,2026-02-14,2026-02-13,37
FAC-007,MED-004,2026-02-09,2026-02-13,2026-02-13,138
FAC-008,MED-004,2026-02-09,2026-02-13,2026-02-13,60
FAC-009,MED-001,2026-02-09,2026-02-13,2026-02-13,112
FAC-009,MED-008,2026-02-09,2026-02-12,2026-02-12,123
FAC-011,MED-003,2026-02-09,2026-02-12,2026-02-12,385
FAC-011,MED-005,2026-02-09,2026-02-12,2026-02-11,733
FAC-014,MED-005,2026-02-09,2026-02-12,2026-02-12,68
FAC-016,MED-002,2026-02-09,2026-02-13,2026-02-13,2109
FAC-018,MED-005,2026-02-09,2026-02-12,2026-02-13,34
FAC-018,MED-006,2026-02-09,2026-02-14,2026-02-14,35
FAC-019,MED-007,2026-02-09,2026-02-14,2026-02-13,88
FAC-001,MED-001,2026-02-10,2026-02-15,2026-02-15,1864
FAC-001,MED-004,2026-02-10,2026-02-13,2026-02-14,1356
FAC-003,MED-006,2026-02-10,2026-02-14,2026-02-14,34
FAC-003,MED-007,2026-02-10,2026-02-14,2026-02-15,34
FAC-004,MED-007,2026-02-10,2026-02-14,2026-02-15,117
FAC-005,MED-001,2026-02-10,2026-02-14,2026-02-14,1363
FAC-005,MED-002,2026-02-10,2026-02-13,2026-02-13,1665
FAC-007,MED-006,2026-02-10,2026-02-15,2026-02-14,53
FAC-008,MED-006,2026-02-10,2026-02-13,2026-02-14,32
FAC-009,MED-005,2026-02-10,2026-02-15,2026-02-16,60
FAC-010,MED-006,2026-02-10,2026-02-14,2026-02-15,34
FAC-012,MED-008,2026-02-10,2026-02-13,2026-02-12,162
FAC-013,MED-006,2026-02-10,2026-02-14,2026-02-14,33
FAC-015,MED-001,2026-02-10,2026-02-15,2026-02-14,117
FAC-015,MED-004,2026-02-10,2026-02-15,2026-02-16,86
FAC-017,MED-005,2026-02-10,2026-02-14,2026-02-15,77
FAC-018,MED-003,2026-02-10,2026-02-13,2026-02-13,32
FAC-019,MED-004,2026-02-10,2026-02-15,2026-02-15,128
FAC-001,MED-007,2026-02-11,2026-02-16,2026-02-17,1003
FAC-001,MED-008,2026-02-11,2026-02-15,2026-02-15,1519
FAC-002,MED-003,2026-02-11,2026-02-15,2026-02-15,43
FAC-007,MED-002,2026-02-11,2026-02-16,2026-02-16,185
FAC-009,MED-002,2026-02-11,2026-02-14,2026-02-15,139
FAC-010,MED-005,2026-02-11,2026-02-16,2026-02-16,49
FAC-012,MED-002,2026-02-11,2026-02-15,2026-02-15,214
FAC-012,MED-003,2026-02-11,2026-02-14,2026-02-15,41
FAC-013,MED-007,2026-02-11,2026-02-16,2026-02-16,36
FAC-014,MED-003,2026-02-11,2026-02-14,2026-02-13,37
FAC-006,MED-008,2026-02-12,2026-02-15,2026-02-15,1342
FAC-007,MED-005,2026-02-12,2026-02-16,2026-02-17,75
FAC-008,MED-001,2026-02-12,2026-02-15,2026-02-14,70
FAC-008,MED-003,2026-02-12,2026-02-17,2026-02-17,35
FAC-008,MED-005,2026-02-12,2026-02-16,2026-02-17,32
FAC-009,MED-007,2026-02-12,2026-02-17,2026-02-17,74
FAC-011,MED-002,2026-02-12,2026-02-16,2026-02-16,1653
FAC-016,MED-004,2026-02-12,2026-02-17,2026-02-18,1288
FAC-019,MED-005,2026-02-12,2026-02-16,2026-02-16,74
FAC-019,MED-006,2026-02-12,2026-02-16,2026-02-15,43
FAC-020,MED-001,2026-02-12,2026-02-17,2026-02-18,120
FAC-020,MED-002,2026-02-12,2026-02-16,2026-02-16,171
FAC-004,MED-001,2026-02-13,2026-02-16,2026-02-16,205
FAC-005,MED-004,2026-02-13,2026-02-16,2026-02-17,1033
FAC-007,MED-007,2026-02-13,2026-02-16,2026-02-17,84
FAC-007,MED-008,2026-02-13,2026-02-17,2026-02-17,149
FAC-009,MED-004,2026-02-13,2026-02-17,2026-02-17,111
FAC-010,MED-001,2026-02-13,2026-02-17,2026-02-17,99
FAC-011,MED-004,2026-02-13,2026-02-18,2026-02-18,1168
FAC-011,MED-006,2026-02-13,2026-02-16,2026-02-17,526
FAC-012,MED-007,2026-02-13,2026-02-18,2026-02-17,95
FAC-013,MED-002,2026-02-13,2026-02-16,2026-02-16,62
FAC-014,MED-001,2026-02-13,2026-02-16,2026-02-16,142
FAC-015,MED-006,2026-02-13,2026-02-17,2026-02-17,38
FAC-016,MED-006,2026-02-13,2026-02-17,2026-02-17,546
FAC-017,MED-001,2026-02-13,2026-02-18,2026-02-17,158
FAC-005,MED-003,2026-02-14,2026-02-17,2026-02-17,323
FAC-010,MED-002,2026-02-14,2026-02-18,2026-02-17,111
FAC-011,MED-007,2026-02-14,2026-02-17,2026-02-18,812
FAC-013,MED-001,2026-02-14,2026-02-18,2026-02-18,55
FAC-013,MED-005,2026-02-14,2026-02-18,2026-02-17,32
FAC-015,MED-005,2026-02-14,2026-02-17,2026-02-16,57
FAC-016,MED-008,2026-02-14,2026-02-17,2026-02-16,1656
FAC-019,MED-008,2026-02-14,2026-02-18,2026-02-18,125
FAC-003,MED-002,2026-02-15,2026-02-20,2026-02-19,65
FAC-005,MED-008,2026-02-15,2026-02-20,2026-02-21,1169
FAC-006,MED-004,2026-02-15,2026-02-20,2026-02-21,1197
FAC-007,MED-001,2026-02-15,2026-02-19,2026-02-19,147
FAC-010,MED-007,2026-02-15,2026-02-19,2026-02-19,56
FAC-011,MED-001,2026-02-15,2026-02-20,2026-02-20,1584
FAC-016,MED-003,2026-02-15,2026-02-18,2026-02-18,424
FAC-017,MED-003,2026-02-15,2026-02-19,2026-02-18,39
FAC-017,MED-004,2026-02-15,2026-02-20,2026-02-21,134
FAC-020,MED-007,2026-02-15,2026-02-20,2026-02-20,82
FAC-020,MED-008,2026-02-15,2026-02-18,2026-02-18,122
FAC-001,MED-005,2026-02-16,2026-02-19,2026-02-18,856
FAC-002,MED-001,2026-02-16,2026-02-21,2026-02-21,160
FAC-002,MED-004,2026-02-16,2026-02-19,2026-02-18,134
FAC-002,MED-006,2026-02-16,2026-02-21,2026-02-22,53
FAC-002,MED-008,2026-02-16,2026-02-20,2026-02-21,162
FAC-003,MED-004,2026-02-16,2026-02-21,2026-02-22,52
FAC-003,MED-008,2026-02-16,2026-02-19,2026-02-20,49
FAC-005,MED-005,2026-02-16,2026-02-19,2026-02-19,669
FAC-005,MED-006,2026-02-16,2026-02-21,2026-02-20,461
FAC-006,MED-006,2026-02-16,2026-02-20,2026-02-19,541
FAC-010,MED-003,2026-02-16,2026-02-20,2026-02-19,33
FAC-012,MED-001,2026-02-16,2026-02-21,2026-02-22,196
FAC-012,MED-004,2026-02-16,2026-02-20,2026-02-21,137
FAC-012,MED-006,2026-02-16,2026-02-19,2026-02-19,58
FAC-014,MED-006,2026-02-16,2026-02-19,2026-02-19,43
FAC-015,MED-003,2026-02-16,2026-02-21,2026-02-22,36
FAC-015,MED-007,2026-02-16,2026-02-21,2026-02-22,61
FAC-020,MED-004,2026-02-16,2026-02-19,2026-02-19,118
FAC-004,MED-003,2026-02-17,2026-02-21,2026-02-21,45
FAC-004,MED-005,2026-02-17,2026-02-21,2026-02-20,91
FAC-004,MED-006,2026-02-17,2026-02-20,2026-02-19,64
FAC-006,MED-007,2026-02-17,2026-02-20,2026-02-19,962
FAC-012,MED-005,2026-02-17,2026-02-21,2026-02-20,94
FAC-014,MED-002,2026-02-17,2026-02-20,2026-02-20,157
FAC-016,MED-001,2026-02-17,2026-02-20,2026-02-21,1676
FAC-016,MED-005,2026-02-17,2026-02-20,2026-02-19,804
FAC-016,MED-007,2026-02-17,2026-02-22,2026-02-21,894
FAC-018,MED-008,2026-02-17,2026-02-21,2026-02-20,53
FAC-006,MED-002,2026-02-18,2026-02-22,2026-02-22,1990
FAC-006,MED-003,2026-02-18,2026-02-21,2026-02-20,360
FAC-010,MED-004,2026-02-18,2026-02-21,2026-02-21,74
FAC-011,MED-008,2026-02-18,2026-02-23,2026-02-22,1429
FAC-013,MED-008,2026-02-18,2026-02-22,2026-02-22,47
FAC-018,MED-001,2026-02-18,2026-02-22,2026-02-22,65
FAC-019,MED-001,2026-02-18,2026-02-21,2026-02-22,140
FAC-001,MED-002,2026-02-19,2026-02-24,2026-02-23,2201
FAC-002,MED-005,2026-02-19,2026-02-24,2026-02-25,87
FAC-002,MED-007,2026-02-19,2026-02-22,2026-02-21,109
FAC-004,MED-008,2026-02-19,2026-02-24,2026-02-24,192
FAC-005,MED-007,2026-02-19,2026-02-22,2026-02-21,762
FAC-006,MED-001,2026-02-19,2026-02-22,2026-02-21,1655
FAC-006,MED-005,2026-02-19,2026-02-24,2026-02-24,709
FAC-008,MED-004,2026-02-19,2026-02-22,2026-02-22,61
FAC-008,MED-008,2026-02-19,2026-02-23,2026-02-24,72
FAC-009,MED-003,2026-02-19,2026-02-24,2026-02-25,34
FAC-013,MED-004,2026-02-19,2026-02-22,2026-02-21,44
FAC-014,MED-007,2026-02-19,2026-02-24,2026-02-24,79
FAC-014,MED-008,2026-02-19,2026-02-22,2026-02-23,114
FAC-017,MED-002,2026-02-19,2026-02-24,2026-02-23,207
FAC-017,MED-006,2026-02-19,2026-02-24,2026-02-23,55
FAC-017,MED-007,2026-02-19,2026-02-22,2026-02-23,96
FAC-018,MED-004,2026-02-19,2026-02-22,2026-02-21,52
FAC-018,MED-007,2026-02-19,2026-02-22,2026-02-23,36
FAC-019,MED-003,2026-02-19,2026-02-24,2026-02-24,37
FAC-020,MED-005,2026-02-19,2026-02-22,2026-02-22,67
FAC-001,MED-003,2026-02-20,2026-02-23,2026-02-23,480
FAC-001,MED-006,2026-02-20,2026-02-24,2026-02-24,626
FAC-002,MED-002,2026-02-20,2026-02-23,2026-02-22,224
FAC-008,MED-002,2026-02-20,2026-02-24,2026-02-24,83
FAC-008,MED-006,2026-02-20,2026-02-24,2026-02-23,34
FAC-008,MED-007,2026-02-20,2026-02-25,2026-02-25,43
FAC-010,MED-008,2026-02-20,2026-02-23,2026-02-23,85
FAC-013,MED-003,2026-02-20,2026-02-25,2026-02-25,38
FAC-015,MED-008,2026-02-20,2026-02-23,2026-02-23,102
FAC-018,MED-002,2026-02-20,2026-02-24,2026-02-24,83
FAC-019,MED-002,2026-02-20,2026-02-25,2026-02-25,181
FAC-020,MED-003,2026-02-20,2026-02-23,2026-02-23,36
FAC-001,MED-004,2026-02-21,2026-02-24,2026-02-24,1326
FAC-003,MED-003,2026-02-21,2026-02-25,2026-02-24,39
FAC-003,MED-007,2026-02-21,2026-02-26,2026-02-26,38
FAC-005,MED-002,2026-02-21,2026-02-24,2026-02-24,1626
FAC-009,MED-001,2026-02-21,2026-02-25,2026-02-26,113
FAC-009,MED-008,2026-02-21,2026-02-25,2026-02-26,103
FAC-011,MED-005,2026-02-21,2026-02-25,2026-02-24,675
FAC-020,MED-006,2026-02-21,2026-02-25,2026-02-25,41
FAC-001,MED-007,2026-02-22,2026-02-27,2026-02-26,1093
FAC-003,MED-001,2026-02-22,2026-02-25,2026-02-25,61
FAC-003,MED-005,2026-02-22,2026-02-27,2026-02-27,35
FAC-003,MED-006,2026-02-22,2026-02-27,2026-02-28,39
FAC-004,MED-002,2026-02-22,2026-02-26,2026-02-26,240
FAC-005,MED-001,2026-02-22,2026-02-27,2026-02-26,1427
FAC-007,MED-004,2026-02-22,2026-02-27,2026-02-26,117
FAC-012,MED-003,2026-02-22,2026-02-27,2026-02-27,44
FAC-013,MED-007,2026-02-22,2026-02-27,2026-02-27,38
FAC-014,MED-005,2026-02-22,2026-02-26,2026-02-26,66
FAC-015,MED-002,2026-02-22,2026-02-25,2026-02-26,146
FAC-016,MED-002,2026-02-22,2026-02-26,2026-02-26,1977
FAC-016,MED-004,2026-02-22,2026-02-27,2026-02-27,1486
FAC-017,MED-005,2026-02-22,2026-02-26,2026-02-26,87
FAC-017,MED-008,2026-02-22,2026-02-26,2026-02-27,166
FAC-018,MED-005,2026-02-22,2026-02-25,2026-02-26,32
FAC-001,MED-001,2026-02-23,2026-02-27,2026-02-27,1881
FAC-001,MED-008,2026-02-23,2026-02-28,2026-02-27,1504
FAC-004,MED-004,2026-02-23,2026-02-26,2026-02-25,148
FAC-007,MED-002,2026-02-23,2026-02-26,2026-02-26,172
FAC-009,MED-005,2026-02-23,2026-02-28,2026-03-01,57
FAC-009,MED-006,2026-02-23,2026-02-27,2026-02-27,39
FAC-010,MED-005,2026-02-23,2026-02-28,2026-02-28,49
FAC-010,MED-006,2026-02-23,2026-02-26,2026-02-25,39
FAC-011,MED-002,2026-02-23,2026-02-28,2026-02-27,1785
FAC-011,MED-003,2026-02-23,2026-02-26,2026-02-26,346
FAC-014,MED-004,2026-02-23,2026-02-28,2026-02-28,106
FAC-018,MED-003,2026-02-23,2026-02-27,2026-02-27,36
FAC-018,MED-006,2026-02-23,2026-02-27,2026-02-27,33
FAC-019,MED-007,2026-02-23,2026-02-28,2026-02-27,84
FAC-002,MED-003,2026-02-24,2026-02-28,2026-02-28,44
FAC-003,MED-008,2026-02-24,2026-02-28,2026-02-28,51
FAC-004,MED-007,2026-02-24,2026-03-01,2026-03-01,121
FAC-006,MED-008,2026-02-24,2026-02-28,2026-03-01,1346
FAC-007,MED-005,2026-02-24,2026-02-28,2026-02-28,68
FAC-008,MED-005,2026-02-24,2026-02-27,2026-02-27,37
FAC-011,MED-004,2026-02-24,2026-03-01,2026-03-01,1216
FAC-012,MED-002,2026-02-24,2026-02-27,2026-02-27,221
FAC-012,MED-008,2026-02-24,2026-03-01,2026-03-01,169
FAC-014,MED-003,2026-02-24,2026-02-27,2026-02-26,38
FAC-019,MED-005,2026-02-24,2026-02-27,2026-02-27,72
FAC-019,MED-006,2026-02-24,2026-02-28,2026-02-28,47
FAC-020,MED-001,2026-02-24,2026-02-28,2026-03-01,122
FAC-003,MED-002,2026-02-25,2026-03-01,2026-03-01,66
FAC-004,MED-003,2026-02-25,2026-03-02,2026-03-02,50
FAC-005,MED-003,2026-02-25,2026-03-01,2026-03-01,368
FAC-005,MED-004,2026-02-25,2026-03-02,2026-03-03,1022
FAC-007,MED-003,2026-02-25,2026-03-02,2026-03-02,39
FAC-007,MED-007,2026-02-25,2026-03-02,2026-03-03,91
FAC-008,MED-001,2026-02-25,2026-03-02,2026-03-01,74
FAC-009,MED-002,2026-02-25,2026-03-02,2026-03-01,166
FAC-013,MED-005,2026-02-25,2026-02-28,2026-02-28,38
FAC-015,MED-001,2026-02-25,2026-03-02,2026-03-03,113
FAC-015,MED-004,2026-02-25,2026-03-01,2026-03-01,83
FAC-015,MED-006,2026-02-25,2026-03-02,2026-03-01,35
FAC-016,MED-006,2026-02-25,2026-02-28,2026-02-28,545
FAC-019,MED-004,2026-02-25,2026-03-02,2026-03-02,125
FAC-020,MED-002,2026-02-25,2026-02-28,2026-02-28,175
FAC-002,MED-006,2026-02-26,2026-03-03,2026-03-03,59
FAC-004,MED-001,2026-02-26,2026-03-01,2026-02-28,197
FAC-008,MED-003,2026-02-26,2026-03-02,2026-03-03,34
FAC-009,MED-003,2026-02-26,2026-03-03,2026-03-03,38
FAC-009,MED-004,2026-02-26,2026-03-02,2026-03-02,109
FAC-010,MED-002,2026-02-26,2026-03-03,2026-03-02,116
FAC-011,MED-007,2026-02-26,2026-03-03,2026-03-03,903
FAC-012,MED-007,2026-02-26,2026-03-02,2026-03-01,98
FAC-013,MED-006,2026-02-26,2026-03-01,2026-03-01,33
FAC-017,MED-001,2026-02-26,2026-03-02,2026-03-02,174
FAC-019,MED-008,2026-02-26,2026-03-01,2026-03-01,129
FAC-002,MED-001,2026-02-27,2026-03-02,2026-03-02,170
FAC-005,MED-008,2026-02-27,2026-03-03,2026-03-03,1188
FAC-006,MED-004,2026-02-27,2026-03-04,2026-03-05,1219
FAC-007,MED-006,2026-02-27,2026-03-02,2026-03-02,54
FAC-007,MED-008,2026-02-27,2026-03-04,2026-03-03,139
FAC-009,MED-007,2026-02-27,2026-03-03,2026-03-03,76
FAC-010,MED-001,2026-02-27,2026-03-03,2026-03-02,99
FAC-011,MED-006,2026-02-27,2026-03-02,2026-03-01,440
FAC-013,MED-001,2026-02-27,2026-03-03,2026-03-03,52
FAC-013,MED-002,2026-02-27,2026-03-03,2026-03-02,61
FAC-014,MED-001,2026-02-27,2026-03-03,2026-03-03,132
FAC-015,MED-007,2026-02-27,2026-03-03,2026-03-04,66
FAC-016,MED-008,2026-02-27,2026-03-02,2026-03-02,1552
FAC-020,MED-007,2026-02-27,2026-03-02,2026-03-01,70
FAC-001,MED-005,2026-02-28,2026-03-04,2026-03-03,862
FAC-002,MED-004,2026-02-28,2026-03-03,2026-03-02,139
FAC-005,MED-005,2026-02-28,2026-03-03,2026-03-03,735
FAC-005,MED-006,2026-02-28,2026-03-05,2026-03-05,419
FAC-007,MED-001,2026-02-28,2026-03-04,2026-03-03,149
FAC-011,MED-001,2026-02-28,2026-03-05,2026-03-04,1422
FAC-013,MED-004,2026-02-28,2026-03-05,2026-03-04,47
FAC-013,MED-008,2026-02-28,2026-03-05,2026-03-04,52
FAC-016,MED-003,2026-02-28,2026-03-03,2026-03-04,421
FAC-016,MED-005,2026-02-28,2026-03-03,2026-03-03,752
FAC-016,MED-007,2026-02-28,2026-03-03,2026-03-03,947
FAC-004,MED-005,2026-03-01,2026-03-06,2026-03-15,101
FAC-006,MED-003,2026-03-01,2026-03-04,2026-03-14,350
FAC-006,MED-005,2026-03-01,2026-03-05,2026-03-10,808
FAC-006,MED-006,2026-03-01,2026-03-05,2026-03-15,486
FAC-008,MED-006,2026-03-01,2026-03-06,2026-03-05,33
FAC-010,MED-003,2026-03-01,2026-03-06,2026-03-07,34
FAC-012,MED-004,2026-03-01,2026-03-04,2026-03-04,134
FAC-014,MED-002,2026-03-01,2026-03-06,2026-03-07,163
FAC-015,MED-003,2026-03-01,2026-03-04,2026-03-04,33
FAC-015,MED-005,2026-03-01,2026-03-05,2026-03-06,60
FAC-017,MED-004,2026-03-01,2026-03-05,2026-03-05,139
FAC-001,MED-002,2026-03-02,2026-03-07,2026-03-16,2364
FAC-006,MED-002,2026-03-02,2026-03-07,2026-03-13,2001
FAC-006,MED-007,2026-03-02,2026-03-06,2026-03-14,859
FAC-008,MED-007,2026-03-02,2026-03-07,2026-03-06,40
FAC-012,MED-006,2026-03-02,2026-03-05,2026-03-06,64
FAC-014,MED-006,2026-03-02,2026-03-05,2026-03-05,42
FAC-016,MED-001,2026-03-02,2026-03-06,2026-03-05,1543
FAC-018,MED-007,2026-03-02,2026-03-07,2026-03-06,39
FAC-018,MED-008,2026-03-02,2026-03-07,2026-03-08,56
FAC-001,MED-004,2026-03-03,2026-03-07,2026-03-12,1424
FAC-002,MED-005,2026-03-03,2026-03-07,2026-03-17,91
FAC-002,MED-008,2026-03-03,2026-03-06,2026-03-14,164
FAC-003,MED-004,2026-03-03,2026-03-06,2026-03-06,49
FAC-003,MED-007,2026-03-03,2026-03-06,2026-03-07,33
FAC-005,MED-007,2026-03-03,2026-03-06,2026-03-06,805
FAC-006,MED-001,2026-03-03,2026-03-06,2026-03-13,1583
FAC-008,MED-002,2026-03-03,2026-03-07,2026-03-07,96
FAC-010,MED-004,2026-03-03,2026-03-07,2026-03-07,85
FAC-010,MED-007,2026-03-03,2026-03-07,2026-03-06,60
FAC-011,MED-008,2026-03-03,2026-03-07,2026-03-07,1443
FAC-012,MED-001,2026-03-03,2026-03-07,2026-03-06,162
FAC-012,MED-005,2026-03-03,2026-03-08,2026-03-08,90
FAC-017,MED-002,2026-03-03,2026-03-06,2026-03-07,203
FAC-017,MED-006,2026-03-03,2026-03-06,2026-03-06,49
FAC-017,MED-007,2026-03-03,2026-03-08,2026-03-08,92
FAC-018,MED-001,2026-03-03,2026-03-08,2026-03-08,67
FAC-018,MED-002,2026-03-03,2026-03-08,2026-03-07,84
FAC-018,MED-004,2026-03-03,2026-03-07,2026-03-06,52
FAC-018,MED-005,2026-03-03,2026-03-06,2026-03-06,37
FAC-020,MED-004,2026-03-03,2026-03-08,2026-03-09,114
FAC-020,MED-008,2026-03-03,2026-03-06,2026-03-06,130
FAC-003,MED-006,2026-03-04,2026-03-09,2026-03-09,39
FAC-004,MED-006,2026-03-04,2026-03-08,2026-03-18,57
FAC-004,MED-008,2026-03-04,2026-03-08,2026-03-17,190
FAC-008,MED-004,2026-03-04,2026-03-09,2026-03-09,57
FAC-012,MED-003,2026-03-04,2026-03-08,2026-03-08,46
FAC-014,MED-007,2026-03-04,2026-03-09,2026-03-08,80
FAC-014,MED-008,2026-03-04,2026-03-09,2026-03-09,114
FAC-015,MED-008,2026-03-04,2026-03-07,2026-03-07,94
FAC-016,MED-002,2026-03-04,2026-03-07,2026-03-07,2151
FAC-017,MED-003,2026-03-04,2026-03-09,2026-03-09,39
FAC-019,MED-003,2026-03-04,2026-03-09,2026-03-10,36
FAC-001,MED-003,2026-03-05,2026-03-09,2026-03-19,457
FAC-001,MED-006,2026-03-05,2026-03-10,2026-03-16,570
FAC-002,MED-002,2026-03-05,2026-03-09,2026-03-19,200
FAC-002,MED-007,2026-03-05,2026-03-08,2026-03-18,102
FAC-003,MED-001,2026-03-05,2026-03-09,2026-03-08,52
FAC-005,MED-002,2026-03-05,2026-03-09,2026-03-09,1729
FAC-007,MED-002,2026-03-05,2026-03-10,2026-03-16,183
FAC-007,MED-004,2026-03-05,2026-03-10,2026-03-17,123
FAC-009,MED-001,2026-03-05,2026-03-09,2026-03-14,120
FAC-009,MED-005,2026-03-05,2026-03-09,2026-03-17,56
FAC-011,MED-005,2026-03-05,2026-03-09,2026-03-09,748
FAC-013,MED-003,2026-03-05,2026-03-09,2026-03-08,36
FAC-019,MED-001,2026-03-05,2026-03-10,2026-03-10,158
FAC-019,MED-007,2026-03-05,2026-03-08,2026-03-08,87
FAC-020,MED-005,2026-03-05,2026-03-09,2026-03-09,58
FAC-001,MED-007,2026-03-06,2026-03-10,2026-03-15,1047
FAC-002,MED-003,2026-03-06,2026-03-11,2026-03-21,45
FAC-003,MED-005,2026-03-06,2026-03-10,2026-03-10,35
FAC-007,MED-005,2026-03-06,2026-03-09,2026-03-19,75
FAC-008,MED-008,2026-03-06,2026-03-10,2026-03-10,69
FAC-009,MED-006,2026-03-06,2026-03-10,2026-03-17,43
FAC-013,MED-007,2026-03-06,2026-03-10,2026-03-09,32
FAC-014,MED-005,2026-03-06,2026-03-10,2026-03-11,72
FAC-019,MED-005,2026-03-06,2026-03-09,2026-03-08,77
FAC-001,MED-008,2026-03-07,2026-03-10,2026-03-18,1707
FAC-004,MED-002,2026-03-07,2026-03-12,2026-03-17,217
FAC-004,MED-004,2026-03-07,2026-03-12,2026-03-18,172
FAC-006,MED-008,2026-03-07,2026-03-12,2026-03-20,1297
FAC-010,MED-008,2026-03-07,2026-03-11,2026-03-12,80
FAC-011,MED-002,2026-03-07,2026-03-12,2026-03-12,1718
FAC-011,MED-003,2026-03-07,2026-03-12,2026-03-13,377
FAC-019,MED-002,2026-03-07,2026-03-10,2026-03-10,190
FAC-020,MED-003,2026-03-07,2026-03-12,2026-03-12,38
FAC-001,MED-001,2026-03-08,2026-03-11,2026-03-19,1860
FAC-005,MED-001,2026-03-08,2026-03-13,2026-03-13,1299
FAC-005,MED-004,2026-03-08,2026-03-12,2026-03-13,1187
FAC-008,MED-005,2026-03-08,2026-03-11,2026-03-11,36
FAC-009,MED-008,2026-03-08,2026-03-13,2026-03-18,113
FAC-010,MED-005,2026-03-08,2026-03-12,2026-03-11,52
FAC-013,MED-002,2026-03-08,2026-03-13,2026-03-13,66
FAC-016,MED-004,2026-03-08,2026-03-13,2026-03-13,1476
FAC-018,MED-003,2026-03-08,2026-03-12,2026-03-13,37
FAC-020,MED-001,2026-03-08,2026-03-12,2026-03-13,134
FAC-020,MED-006,2026-03-08,2026-03-12,2026-03-12,42
FAC-006,MED-004,2026-03-09,2026-03-12,2026-03-20,1380
FAC-010,MED-006,2026-03-09,2026-03-12,2026-03-12,39
FAC-011,MED-004,2026-03-09,2026-03-14,2026-03-14,1100
FAC-012,MED-008,2026-03-09,2026-03-12,2026-03-12,174
FAC-013,MED-001,2026-03-09,2026-03-14,2026-03-14,52
FAC-013,MED-005,2026-03-09,2026-03-14,2026-03-14,33
FAC-013,MED-006,2026-03-09,2026-03-12,2026-03-12,39
FAC-014,MED-003,2026-03-09,2026-03-14,2026-03-15,34
FAC-014,MED-004,2026-03-09,2026-03-13,2026-03-14,116
FAC-015,MED-002,2026-03-09,2026-03-12,2026-03-13,151
FAC-015,MED-004,2026-03-09,2026-03-14,2026-03-14,86
FAC-017,MED-008,2026-03-09,2026-03-12,2026-03-12,145
FAC-018,MED-006,2026-03-09,2026-03-14,2026-03-13,33
FAC-020,MED-002,2026-03-09,2026-03-13,2026-03-14,160
FAC-002,MED-006,2026-03-10,2026-03-15,2026-03-21,60
FAC-003,MED-002,2026-03-10,2026-03-15,2026-03-15,75
FAC-003,MED-003,2026-03-10,2026-03-13,2026-03-13,38
FAC-003,MED-008,2026-03-10,2026-03-14,2026-03-14,57
FAC-005,MED-003,2026-03-10,2026-03-15,2026-03-14,320
FAC-005,MED-008,2026-03-10,2026-03-13,2026-03-13,1262
FAC-010,MED-001,2026-03-10,2026-03-15,2026-03-14,99
FAC-011,MED-006,2026-03-10,2026-03-15,2026-03-14,462
FAC-012,MED-002,2026-03-10,2026-03-13,2026-03-12,215
FAC-016,MED-006,2026-03-10,2026-03-14,2026-03-15,509
FAC-017,MED-005,2026-03-10,2026-03-14,2026-03-14,77
FAC-001,MED-005,2026-03-11,2026-03-15,2026-03-20,855
FAC-002,MED-004,2026-03-11,2026-03-14,2026-03-20,150
FAC-004,MED-001,2026-03-11,2026-03-14,2026-03-23,195
FAC-007,MED-008,2026-03-11,2026-03-16,2026-03-23,126
FAC-008,MED-001,2026-03-11,2026-03-15,2026-03-15,66
FAC-008,MED-003,2026-03-11,2026-03-14,2026-03-13,39
FAC-009,MED-007,2026-03-11,2026-03-14,2026-03-19,74
FAC-010,MED-003,2026-03-11,2026-03-16,2026-03-17,34
FAC-011,MED-001,2026-03-11,2026-03-16,2026-03-17,1502
FAC-011,MED-007,2026-03-11,2026-03-16,2026-03-16,922
FAC-015,MED-001,2026-03-11,2026-03-15,2026-03-15,104
FAC-016,MED-005,2026-03-11,2026-03-14,2026-03-15,816
FAC-016,MED-007,2026-03-11,2026-03-14,2026-03-13,883
FAC-016,MED-008,2026-03-11,2026-03-16,2026-03-15,1588
FAC-018,MED-007,2026-03-11,2026-03-16,2026-03-16,38
FAC-019,MED-006,2026-03-11,2026-03-16,2026-03-15,45
FAC-004,MED-003,2026-03-12,2026-03-17,2026-03-26,48
FAC-004,MED-007,2026-03-12,2026-03-17,2026-03-26,121
FAC-007,MED-001,2026-03-12,2026-03-17,2026-03-26,154
FAC-007,MED-003,2026-03-12,2026-03-15,2026-03-21,40
FAC-007,MED-007,2026-03-12,2026-03-17,2026-03-25,84
FAC-009,MED-002,2026-03-12,2026-03-15,2026-03-24,144
FAC-009,MED-004,2026-03-12,2026-03-17,2026-03-24,111
FAC-010,MED-002,2026-03-12,2026-03-16,2026-03-16,110
FAC-012,MED-001,2026-03-12,2026-03-17,2026-03-16,189
FAC-012,MED-007,2026-03-12,2026-03-16,2026-03-16,103
FAC-013,MED-004,2026-03-12,2026-03-17,2026-03-16,43
FAC-013,MED-008,2026-03-12,2026-03-15,2026-03-15,46
FAC-014,MED-001,2026-03-12,2026-03-16,2026-03-15,131
FAC-014,MED-002,2026-03-12,2026-03-17,2026-03-17,176
FAC-014,MED-006,2026-03-12,2026-03-15,2026-03-16,44
FAC-015,MED-003,2026-03-12,2026-03-16,2026-03-15,38
FAC-016,MED-003,2026-03-12,2026-03-16,2026-03-15,424
FAC-017,MED-001,2026-03-12,2026-03-15,2026-03-15,153
FAC-019,MED-004,2026-03-12,2026-03-15,2026-03-15,115
FAC-019,MED-008,2026-03-12,2026-03-16,2026-03-16,138
FAC-020,MED-007,2026-03-12,2026-03-17,2026-03-18,77
FAC-002,MED-001,2026-03-13,2026-03-18,2026-03-24,161
FAC-005,MED-006,2026-03-13,2026-03-16,2026-03-16,490
FAC-006,MED-005,2026-03-13,2026-03-16,2026-03-26,749
FAC-007,MED-006,2026-03-13,2026-03-18,2026-03-23,48
FAC-008,MED-007,2026-03-13,2026-03-18,2026-03-18,41
FAC-009,MED-003,2026-03-13,2026-03-18,2026-03-26,39
FAC-012,MED-004,2026-03-13,2026-03-18,2026-03-18,160
FAC-015,MED-006,2026-03-13,2026-03-18,2026-03-17,37
FAC-015,MED-007,2026-03-13,2026-03-18,2026-03-18,61
FAC-005,MED-005,2026-03-14,2026-03-18,2026-03-18,666
FAC-008,MED-006,2026-03-14,2026-03-19,2026-03-20,32
FAC-010,MED-007,2026-03-14,2026-03-18,2026-03-18,57
FAC-012,MED-006,2026-03-14,2026-03-18,2026-03-18,56
FAC-015,MED-008,2026-03-14,2026-03-18,2026-03-19,92
FAC-016,MED-001,2026-03-14,2026-03-18,2026-03-18,1696
FAC-017,MED-004,2026-03-14,2026-03-19,2026-03-18,138
FAC-017,MED-006,2026-03-14,2026-03-19,2026-03-20,53
FAC-018,MED-004,2026-03-14,2026-03-19,2026-03-19,49
FAC-003,MED-006,2026-03-15,2026-03-18,2026-03-19,36
FAC-003,MED-007,2026-03-15,2026-03-18,2026-03-18,37
FAC-005,MED-007,2026-03-15,2026-03-20,2026-03-19,775
FAC-006,MED-003,2026-03-15,2026-03-19,2026-03-26,349
FAC-008,MED-004,2026-03-15,2026-03-19,2026-03-20,61
FAC-015,MED-005,2026-03-15,2026-03-19,2026-03-19,58
FAC-018,MED-002,2026-03-15,2026-03-19,2026-03-19,85
FAC-001,MED-004,2026-03-16,2026-03-19,2026-03-29,1331
FAC-003,MED-001,2026-03-16,2026-03-21,2026-03-20,54
FAC-006,MED-001,2026-03-16,2026-03-19,2026-03-28,1473
FAC-006,MED-002,2026-03-16,2026-03-21,2026-03-26,1836
FAC-006,MED-007,2026-03-16,2026-03-20,2026-03-26,933
FAC-009,MED-001,2026-03-16,2026-03-20,2026-03-28,114
FAC-012,MED-005,2026-03-16,2026-03-19,2026-03-18,86
FAC-013,MED-003,2026-03-16,2026-03-21,2026-03-20,34
FAC-013,MED-007,2026-03-16,2026-03-20,2026-03-19,39
FAC-017,MED-007,2026-03-16,2026-03-20,2026-03-19,95
FAC-018,MED-008,2026-03-16,2026-03-19,2026-03-18,61
FAC-020,MED-006,2026-03-16,2026-03-20,2026-03-19,46
FAC-003,MED-004,2026-03-17,2026-03-22,2026-03-21,51
FAC-006,MED-006,2026-03-17,2026-03-21,2026-03-27,565
FAC-011,MED-005,2026-03-17,2026-03-22,2026-03-23,745
FAC-011,MED-008,2026-03-17,2026-03-22,2026-03-23,1441
FAC-013,MED-002,2026-03-17,2026-03-21,2026-03-21,69
FAC-016,MED-002,2026-03-17,2026-03-21,2026-03-21,2195
FAC-018,MED-001,2026-03-17,2026-03-21,2026-03-22,57
FAC-020,MED-004,2026-03-17,2026-03-22,2026-03-22,117
FAC-001,MED-006,2026-03-18,2026-03-23,,531
FAC-001,MED-007,2026-03-18,2026-03-22,2026-03-27,1113
FAC-002,MED-008,2026-03-18,2026-03-22,,157
FAC-004,MED-005,2026-03-18,2026-03-21,2026-03-28,88
FAC-005,MED-002,2026-03-18,2026-03-23,2026-03-22,1698
FAC-008,MED-002,2026-03-18,2026-03-23,2026-03-22,98
FAC-009,MED-005,2026-03-18,2026-03-23,2026-03-30,60
FAC-010,MED-008,2026-03-18,2026-03-22,2026-03-21,79
FAC-012,MED-003,2026-03-18,2026-03-21,2026-03-20,40
FAC-014,MED-007,2026-03-18,2026-03-22,2026-03-22,72
FAC-014,MED-008,2026-03-18,2026-03-21,2026-03-20,119
FAC-017,MED-002,2026-03-18,2026-03-23,2026-03-23,226
FAC-017,MED-003,2026-03-18,2026-03-22,2026-03-22,42
FAC-018,MED-003,2026-03-18,2026-03-22,2026-03-23,38
FAC-018,MED-005,2026-03-18,2026-03-22,2026-03-21,34
FAC-019,MED-005,2026-03-18,2026-03-21,2026-03-21,67
FAC-020,MED-003,2026-03-18,2026-03-21,2026-03-21,32
FAC-020,MED-005,2026-03-18,2026-03-22,2026-03-22,69
FAC-004,MED-002,2026-03-19,2026-03-23,,245
FAC-005,MED-001,2026-03-19,2026-03-24,2026-03-24,1292
FAC-010,MED-004,2026-03-19,2026-03-22,2026-03-23,74
FAC-011,MED-002,2026-03-19,2026-03-24,2026-03-24,1877
FAC-012,MED-001,2026-03-19,2026-03-23,2026-03-23,183
FAC-019,MED-001,2026-03-19,2026-03-22,2026-03-22,141
FAC-019,MED-007,2026-03-19,2026-03-23,2026-03-24,89
FAC-020,MED-008,2026-03-19,2026-03-22,2026-03-23,131
FAC-001,MED-002,2026-03-20,2026-03-24,2026-03-30,2363
FAC-002,MED-005,2026-03-20,2026-03-25,,80
FAC-003,MED-003,2026-03-20,2026-03-23,2026-03-22,34
FAC-004,MED-006,2026-03-20,2026-03-25,,63
FAC-004,MED-008,2026-03-20,2026-03-25,2026-03-31,169
FAC-007,MED-002,2026-03-20,2026-03-25,,174
FAC-007,MED-004,2026-03-20,2026-03-23,,137
FAC-010,MED-006,2026-03-20,2026-03-24,2026-03-24,36
FAC-011,MED-003,2026-03-20,2026-03-24,2026-03-23,344
FAC-011,MED-004,2026-03-20,2026-03-24,2026-03-25,1226
FAC-015,MED-004,2026-03-20,2026-03-25,2026-03-26,97
FAC-016,MED-004,2026-03-20,2026-03-25,2026-03-24,1511
FAC-016,MED-006,2026-03-20,2026-03-23,2026-03-22,578
FAC-001,MED-003,2026-03-21,2026-03-25,,466
FAC-001,MED-008,2026-03-21,2026-03-24,2026-03-30,1722
FAC-002,MED-002,2026-03-21,2026-03-26,,217
FAC-002,MED-007,2026-03-21,2026-03-25,,92
FAC-008,MED-008,2026-03-21,2026-03-24,2026-03-24,60
FAC-009,MED-006,2026-03-21,2026-03-25,2026-03-31,42
FAC-009,MED-008,2026-03-21,2026-03-25,,121
FAC-010,MED-005,2026-03-21,2026-03-25,2026-03-25,44
FAC-013,MED-005,2026-03-21,2026-03-26,2026-03-25,38
FAC-014,MED-005,2026-03-21,2026-03-24,2026-03-25,74
FAC-019,MED-003,2026-03-21,2026-03-26,2026-03-26,38
FAC-001,MED-001,2026-03-22,2026-03-25,2026-03-31,1783
FAC-003,MED-002,2026-03-22,2026-03-26,2026-03-27,67
FAC-003,MED-005,2026-03-22,2026-03-26,2026-03-25,35
FAC-004,MED-004,2026-03-22,2026-03-25,,153
FAC-005,MED-003,2026-03-22,2026-03-26,2026-03-27,339
FAC-005,MED-004,2026-03-22,2026-03-26,2026-03-26,1213
FAC-005,MED-008,2026-03-22,2026-03-27,2026-03-28,1128
FAC-006,MED-008,2026-03-22,2026-03-27,,1431
FAC-008,MED-001,2026-03-22,2026-03-26,2026-03-25,73
FAC-011,MED-001,2026-03-22,2026-03-26,2026-03-27,1502
FAC-011,MED-006,2026-03-22,2026-03-25,2026-03-26,517
FAC-012,MED-002,2026-03-22,2026-03-25,2026-03-25,234
FAC-016,MED-007,2026-03-22,2026-03-27,2026-03-26,884
FAC-017,MED-005,2026-03-22,2026-03-27,2026-03-28,90
FAC-017,MED-008,2026-03-22,2026-03-27,2026-03-26,155
FAC-019,MED-002,2026-03-22,2026-03-25,2026-03-26,174
FAC-019,MED-006,2026-03-22,2026-03-26,2026-03-27,43
FAC-020,MED-001,2026-03-22,2026-03-25,2026-03-25,138
FAC-020,MED-002,2026-03-22,2026-03-26,2026-03-25,155
FAC-001,MED-005,2026-03-23,2026-03-27,,801
FAC-007,MED-005,2026-03-23,2026-03-27,,73
FAC-008,MED-003,2026-03-23,2026-03-26,2026-03-26,33
FAC-008,MED-005,2026-03-23,2026-03-27,2026-03-26,37
FAC-008,MED-007,2026-03-23,2026-03-28,2026-03-29,45
FAC-012,MED-008,2026-03-23,2026-03-28,2026-03-29,166
FAC-013,MED-004,2026-03-23,2026-03-28,2026-03-28,46
FAC-014,MED-003,2026-03-23,2026-03-26,2026-03-26,37
FAC-014,MED-004,2026-03-23,2026-03-27,2026-03-27,124
FAC-016,MED-008,2026-03-23,2026-03-28,2026-03-29,1491
FAC-018,MED-006,2026-03-23,2026-03-26,2026-03-25,36
FAC-018,MED-007,2026-03-23,2026-03-28,2026-03-27,34
FAC-020,MED-007,2026-03-23,2026-03-27,2026-03-26,82
FAC-002,MED-004,2026-03-24,2026-03-29,,154
FAC-006,MED-004,2026-03-24,2026-03-27,,1330
FAC-007,MED-008,2026-03-24,2026-03-27,,136
FAC-010,MED-001,2026-03-24,2026-03-29,2026-03-30,104
FAC-010,MED-002,2026-03-24,2026-03-28,2026-03-27,110
FAC-011,MED-007,2026-03-24,2026-03-29,2026-03-28,906
FAC-013,MED-001,2026-03-24,2026-03-29,2026-03-29,56
FAC-013,MED-008,2026-03-24,2026-03-29,2026-03-30,45
FAC-015,MED-001,2026-03-24,2026-03-27,2026-03-27,106
FAC-015,MED-002,2026-03-24,2026-03-27,2026-03-26,133
FAC-015,MED-003,2026-03-24,2026-03-28,2026-03-28,39
FAC-015,MED-006,2026-03-24,2026-03-28,2026-03-28,38
FAC-016,MED-005,2026-03-24,2026-03-28,2026-03-29,782
FAC-017,MED-006,2026-03-24,2026-03-27,2026-03-28,59
FAC-019,MED-004,2026-03-24,2026-03-27,2026-03-27,131
FAC-002,MED-006,2026-03-25,2026-03-28,,59
FAC-003,MED-008,2026-03-25,2026-03-28,2026-03-29,49
FAC-007,MED-003,2026-03-25,2026-03-28,,40
FAC-012,MED-007,2026-03-25,2026-03-29,2026-03-29,101
FAC-013,MED-006,2026-03-25,2026-03-30,2026-03-30,38
FAC-014,MED-001,2026-03-25,2026-03-28,2026-03-29,148
FAC-016,MED-003,2026-03-25,2026-03-28,2026-03-28,391
FAC-017,MED-001,2026-03-25,2026-03-28,2026-03-29,165
FAC-019,MED-008,2026-03-25,2026-03-29,2026-03-28,128
FAC-002,MED-001,2026-03-26,2026-03-30,,159
FAC-004,MED-001,2026-03-26,2026-03-29,,207
FAC-005,MED-005,2026-03-26,2026-03-31,,643
FAC-005,MED-006,2026-03-26,2026-03-31,2026-03-30,421
FAC-007,MED-006,2026-03-26,2026-03-31,,54
FAC-009,MED-002,2026-03-26,2026-03-31,,139
FAC-009,MED-007,2026-03-26,2026-03-29,,74
FAC-010,MED-003,2026-03-26,2026-03-30,2026-03-30,37
FAC-010,MED-007,2026-03-26,2026-03-30,2026-03-30,51
FAC-012,MED-001,2026-03-26,2026-03-30,2026-03-30,185
FAC-014,MED-006,2026-03-26,2026-03-30,2026-03-30,46
FAC-016,MED-001,2026-03-26,2026-03-30,2026-03-30,1521
FAC-018,MED-002,2026-03-26,2026-03-31,2026-03-30,79
FAC-002,MED-003,2026-03-27,2026-03-31,,41
FAC-003,MED-007,2026-03-27,2026-03-30,2026-03-29,36
FAC-005,MED-007,2026-03-27,2026-03-31,2026-03-31,717
FAC-006,MED-003,2026-03-27,2026-03-30,,350
FAC-007,MED-007,2026-03-27,2026-04-01,,88
FAC-012,MED-004,2026-03-27,2026-04-01,2026-03-31,142
FAC-014,MED-002,2026-03-27,2026-03-30,2026-03-31,169
FAC-015,MED-005,2026-03-27,2026-03-31,2026-03-30,55
FAC-015,MED-007,2026-03-27,2026-04-01,2026-03-31,64
FAC-015,MED-008,2026-03-27,2026-04-01,,99
FAC-017,MED-004,2026-03-27,2026-04-01,,149
FAC-017,MED-007,2026-03-27,2026-03-30,2026-03-29,105
FAC-006,MED-002,2026-03-28,2026-03-31,,1779
FAC-006,MED-005,2026-03-28,2026-03-31,,739
FAC-008,MED-006,2026-03-28,2026-03-31,2026-03-31,35
FAC-009,MED-004,2026-03-28,2026-04-02,,93
FAC-018,MED-004,2026-03-28,2026-04-02,,47
FAC-018,MED-005,2026-03-28,2026-04-02,,37
FAC-003,MED-001,2026-03-29,2026-04-03,,60
FAC-004,MED-003,2026-03-29,2026-04-02,,43
FAC-006,MED-007,2026-03-29,2026-04-01,,994
FAC-008,MED-004,2026-03-29,2026-04-03,,64
FAC-011,MED-005,2026-03-29,2026-04-01,,794
FAC-011,MED-008,2026-03-29,2026-04-01,,1392
FAC-012,MED-003,2026-03-29,2026-04-01,2026-03-31,44
FAC-012,MED-005,2026-03-29,2026-04-01,2026-03-31,81
FAC-013,MED-003,2026-03-29,2026-04-01,,38
FAC-018,MED-001,2026-03-29,2026-04-02,,66
FAC-001,MED-004,2026-03-30,2026-04-04,,1405
FAC-003,MED-002,2026-03-30,2026-04-04,,69
FAC-003,MED-004,2026-03-30,2026-04-04,,46
FAC-004,MED-005,2026-03-30,2026-04-03,,87
FAC-004,MED-007,2026-03-30,2026-04-04,,101
FAC-005,MED-002,2026-03-30,2026-04-02,,1826
FAC-006,MED-001,2026-03-30,2026-04-04,,1667
FAC-007,MED-001,2026-03-30,2026-04-03,,154
FAC-008,MED-002,2026-03-30,2026-04-02,,85
FAC-014,MED-007,2026-03-30,2026-04-02,,75
FAC-016,MED-002,2026-03-30,2026-04-02,,1888
FAC-018,MED-008,2026-03-30,2026-04-03,,56
FAC-019,MED-005,2026-03-30,2026-04-03,,68
FAC-020,MED-003,2026-03-30,2026-04-03,,39
FAC-020,MED-006,2026-03-30,2026-04-03,,42
FAC-001,MED-007,2026-03-31,2026-04-04,,973
FAC-003,MED-006,2026-03-31,2026-04-03,,36
FAC-005,MED-001,2026-03-31,2026-04-05,,1334
FAC-006,MED-006,2026-03-31,2026-04-05,,548
FAC-009,MED-001,2026-03-31,2026-04-05,,113
FAC-010,MED-004,2026-03-31,2026-04-05,,79
FAC-010,MED-008,2026-03-31,2026-04-04,,86
FAC-011,MED-002,2026-03-31,2026-04-04,,1980
FAC-012,MED-006,2026-03-31,2026-04-05,,54
FAC-014,MED-008,2026-03-31,2026-04-03,,130
FAC-020,MED-004,2026-03-31,2026-04-04,,102
